Unnamed: 0,Brand,price,rating,bat_cap,bat_speed,ram,rom,os_ver,os_type,inches,refresh_rate,notch,pixel,p_cam,s_cam,t_cam,f_cam,proc_type,core,ghz,5G,IR Blaster,NFC
306,Samsung,69999,84.0,3300.0,15.0,8,128,,,6.7,120.0,Punch,2851200.0,0.0,0.0,0.0,9.84963503649635,Snapdragon,8.0,2.84,1,0,1
475,Lyf,3990,60.0,3500.0,,3,32,,Android,5.5,,,2073600.0,13.0,2.0,0.0,2.0,Snapdragon,8.0,1.5,0,0,0
298,Xiaomi,46990,89.0,4500.0,67.0,8,128,13.0,Android,6.36,120.0,Punch,2592000.0,50.0,12.0,10.0,12.0,Snapdragon,8.0,3.2,1,1,1
558,Asus,39999,87.0,6000.0,65.0,8,128,11.0,Android,6.78,144.0,,2643840.0,64.0,13.0,5.0,13.0,Snapdragon,8.0,2.9,1,0,1
473,Xiaomi,11999,77.0,4000.0,,6,64,,Android,6.18,,,2425680.0,12.0,5.0,0.0,5.0,Snapdragon,8.0,2.8,0,0,0
109,OnePlus,36999,87.0,5000.0,80.0,12,256,12.0,Android,6.7,120.0,Punch,2604960.0,50.0,8.0,2.0,8.0,Dimensity,8.0,2.85,1,0,1
77,OPPO,27660,83.0,4800.0,67.0,8,128,13.0,Android,6.58,120.0,Punch,2592000.0,64.0,2.0,2.0,2.0,Snapdragon,8.0,2.2,1,0,0
767,Xiaomi,109990,,5020.0,67.0,12,256,10.0,Android,8.01,90.0,,4612800.0,108.0,13.0,8.0,13.0,Snapdragon,8.0,2.84,1,1,1
263,Apple,71999,60.0,3060.0,,4,64,,iOS,6.1,,,1483776.0,12.0,5.0,0.0,5.0,Bionic,,,0,0,1
82,Realme,13999,75.0,5000.0,18.0,4,64,11.0,Android,6.5,90.0,Punch,2592000.0,48.0,2.0,2.0,2.0,Dimensity,8.0,2.4,1,0,0
504,Honor,30990,86.0,4800.0,66.0,8,256,12.0,Android,6.67,120.0,Punch,2592000.0,54.0,50.0,2.0,50.0,Snapdragon,8.0,2.5,1,0,1
320,iQOO,64999,89.0,5000.0,120.0,16,256,13.0,Android,6.78,144.0,Punch,4608000.0,50.0,13.0,8.0,13.0,Snapdragon,8.0,3.2,1,0,1
334,Realme,22998,82.0,5000.0,30.0,8,128,11.0,Android,6.6,144.0,Punch,2604960.0,48.0,2.0,2.0,2.0,Snapdragon,8.0,2.4,1,0,0
368,Samsung,43999,88.0,4500.0,25.0,8,256,11.0,Android,6.4,120.0,Punch,2527200.0,12.0,12.0,8.0,12.0,Exynos,8.0,2.9,1,0,1
491,iQOO,33749,84.0,4700.0,80.0,12,256,12.0,Android,6.62,120.0,Punch,2592000.0,64.0,8.0,2.0,8.0,Snapdragon,8.0,3.2,1,1,0
415,OPPO,26380,83.0,4300.0,65.0,8,128,11.0,Android,6.43,90.0,Punch,2592000.0,64.0,8.0,2.0,8.0,Dimensity,8.0,2.0,1,0,1
2,Samsung,16499,75.0,5000.0,15.0,4,64,13.0,Android,6.6,90.0,Water,2600640.0,50.0,2.0,2.0,2.0,Exynos,8.0,2.4,1,0,0
101,Xiaomi,19999,83.0,5200.0,33.0,6,128,11.0,Android,6.67,120.0,Punch,2592000.0,108.0,0.0,0.0,9.84963503649635,Snapdragon,8.0,2.4,1,1,0
357,OPPO,15499,70.0,5000.0,33.0,4,64,12.0,Android,6.56,,,1152000.0,50.0,0.0,0.0,9.84963503649635,Helio,8.0,2.3,0,0,0
444,Xiaomi,26999,84.0,4980.0,120.0,6,128,12.0,Android,6.67,120.0,Punch,2592000.0,200.0,8.0,2.0,8.0,Dimensity,8.0,2.6,1,1,0
251,Tecno,49999,89.0,5160.0,45.0,12,256,12.0,Android,6.8,120.0,Punch,2592000.0,50.0,50.0,13.0,50.0,Dimensity,8.0,3.05,1,0,1
212,Realme,15499,79.0,5000.0,18.0,6,128,11.0,Android,6.5,90.0,Punch,2592000.0,48.0,2.0,2.0,2.0,Dimensity,8.0,2.4,1,0,0
5,Samsung,16999,80.0,5000.0,25.0,6,128,12.0,Android,6.6,120.0,Water,2600640.0,50.0,8.0,2.0,8.0,Snapdragon,8.0,2.2,1,0,1
54,Realme,13999,74.0,5000.0,33.0,4,64,12.0,Android,6.4,90.0,Punch,2592000.0,50.0,2.0,0.0,2.0,Helio,8.0,2.2,0,0,0
705,Huawei,99990,85.0,4500.0,66.0,8,256,,Hongmeng,6.76,120.0,Notch,4608000.0,64.0,50.0,13.0,50.0,Kirin,8.0,3.13,1,0,1
852,Vivo,10490,67.0,5000.0,,3,64,12.0,Android,6.51,,,1152000.0,13.0,2.0,0.0,2.0,Helio,8.0,2.3,0,0,0
624,Apple,95999,82.0,3279.0,,6,512,16.0,iOS,6.1,,,2962440.0,12.0,12.0,0.0,12.0,Bionic,6.0,3.22,1,0,1
887,Realme,24999,85.0,4200.0,65.0,8,128,10.0,Android,6.44,90.0,Punch,2592000.0,64.0,0.0,0.0,9.84963503649635,Snapdragon,8.0,2.84,1,0,1
97,iQOO,59999,88.0,5000.0,120.0,8,256,13.0,Android,6.78,144.0,Punch,4608000.0,50.0,13.0,8.0,13.0,Snapdragon,8.0,3.2,1,0,1
639,OPPO,17990,74.0,5000.0,,6,128,11.0,Android,6.5,,,1152000.0,13.0,2.0,2.0,2.0,Dimensity,8.0,2.2,1,0,0
208,Tecno,11999,73.0,6000.0,18.0,8,128,12.0,Android,6.82,90.0,Water,1152000.0,50.0,0.0,0.0,9.84963503649635,Helio,8.0,2.2,0,0,0
339,OnePlus,64800,89.0,4500.0,65.0,8,128,11.0,Android,6.7,120.0,Punch,4631040.0,48.0,0.0,0.0,9.84963503649635,Snapdragon,8.0,2.84,1,0,1
703,Motorola,31990,84.0,4020.0,68.0,8,128,12.0,Android,6.28,120.0,Punch,2592000.0,64.0,13.0,0.0,13.0,Snapdragon,8.0,2.2,1,0,1
939,Google,32999,78.0,4620.0,18.0,6,128,11.0,Android,6.34,,,2592000.0,16.0,0.0,0.0,9.84963503649635,Snapdragon,8.0,2.4,1,0,1
516,Vivo,24990,77.0,4500.0,,8,128,12.0,Android,6.58,90.0,Punch,2592000.0,50.0,8.0,2.0,8.0,Dimensity,8.0,3.0,1,0,0
476,Motorola,10499,65.0,5000.0,10.0,2,64,13.0,Android,6.5,,,1152000.0,13.0,0.0,0.0,9.84963503649635,Tiger,8.0,2.0,0,0,0
849,Poco,14499,77.0,5000.0,18.0,6,128,12.0,Android,6.58,90.0,Water,2592000.0,50.0,2.0,2.0,2.0,Helio,8.0,2.2,0,1,0
25,Samsung,31239,88.0,4500.0,,8,128,10.0,Android,6.5,120.0,Punch,2592000.0,12.0,12.0,8.0,12.0,Snapdragon,8.0,2.84,1,0,1
84,Samsung,13999,75.0,5000.0,15.0,6,128,12.0,Android,6.5,90.0,Water,1152000.0,50.0,2.0,0.0,2.0,Dimensity,8.0,2.2,1,0,0
10,Realme,18999,82.0,5000.0,33.0,6,128,13.0,Android,6.72,120.0,Punch,2592000.0,108.0,2.0,0.0,2.0,Snapdragon,8.0,2.2,1,0,0
383,Tecno,8890,63.0,5000.0,,4,64,11.0,Android,6.6,90.0,Water,1160640.0,13.0,0.0,0.0,9.84963503649635,Unisoc,8.0,2.0,0,0,0
324,Samsung,27499,85.0,5000.0,25.0,8,128,12.0,Android,6.4,90.0,Punch,2592000.0,48.0,0.0,0.0,9.84963503649635,Exynos,8.0,2.4,1,0,1
537,Huawei,19990,84.0,4000.0,66.0,8,128,11.0,Android,6.78,90.0,Punch,2579040.0,108.0,0.0,0.0,9.84963503649635,Snapdragon,8.0,2.4,0,0,1
506,Vivo,8499,66.0,5000.0,,3,32,11.0,Android,6.51,,,1152000.0,13.0,2.0,0.0,2.0,Helio,8.0,2.3,0,0,0
529,Google,79700,,5003.0,30.0,12,256,12.0,Android,6.71,120.0,Punch,4492800.0,50.0,48.0,12.0,48.0,Google,8.0,2.8,1,0,1
461,OPPO,42990,86.0,5000.0,120.0,16,256,13.0,Android,6.73,120.0,Punch,2604960.0,50.0,8.0,0.0,8.0,Dimensity,8.0,3.05,1,0,1
119,Samsung,70990,88.0,3900.0,25.0,8,128,13.0,Android,6.1,120.0,Punch,2527200.0,50.0,12.0,10.0,12.0,Snapdragon,8.0,3.2,1,0,1
352,Jio,4649,,3500.0,,2,32,11.0,Android,5.45,,,1036800.0,13.0,0.0,0.0,9.84963503649635,Snapdragon,4.0,1.3,0,0,0
363,Apple,45999,75.0,,,4,128,14.0,iOS,,,,,0.0,0.0,0.0,9.84963503649635,Bionic,6.0,3.1,1,0,1
29,OnePlus,69999,,4500.0,100.0,8,128,13.0,Android,6.7,120.0,Punch,4631040.0,50.0,48.0,32.0,48.0,Snapdragon,8.0,3.2,1,0,1
55,Realme,14965,75.0,5000.0,18.0,4,64,12.0,Android,6.6,90.0,Punch,2600640.0,50.0,2.0,2.0,2.0,Dimensity,8.0,2.4,1,0,0
489,Nubia,60990,86.0,5000.0,135.0,12,256,12.0,Android,6.8,120.0,,2592000.0,64.0,8.0,2.0,8.0,Snapdragon,8.0,3.2,1,0,1
337,Samsung,6499,,5000.0,,2,32,10.0,Android,6.5,,,1152000.0,8.0,0.0,0.0,9.84963503649635,Unisoc,4.0,1.6,0,0,0
792,Xiaomi,17990,79.0,5100.0,18.0,6,128,13.0,Android,6.73,120.0,Punch,2600640.0,64.0,2.0,0.0,2.0,Snapdragon,8.0,2.0,1,1,0
845,Doogee,45999,88.0,22000.0,33.0,12,256,12.0,Android,6.58,120.0,Water,2600640.0,108.0,20.0,16.0,20.0,Dimensity,8.0,2.6,1,0,0
199,Samsung,8499,66.0,5000.0,15.0,4,64,12.0,Android,6.5,,,1152000.0,13.0,2.0,0.0,2.0,Helio,8.0,2.3,0,0,0
429,Xiaomi,13990,75.0,5000.0,33.0,4,64,11.0,Android,6.43,,,2592000.0,48.0,0.0,0.0,9.84963503649635,Snapdragon,8.0,2.2,0,1,0
81,Samsung,20999,82.0,5000.0,15.0,8,128,13.0,Android,6.6,90.0,Water,2600640.0,50.0,2.0,2.0,2.0,Exynos,8.0,2.4,1,0,0
303,Motorola,12999,77.0,5000.0,,4,64,11.0,Android,6.8,120.0,Punch,2592000.0,50.0,8.0,2.0,8.0,Snapdragon,8.0,2.2,1,0,1
955,Realme,6999,,4000.0,,2,16,,Android,6.1,,,1123200.0,13.0,2.0,0.0,2.0,Helio,8.0,2.0,0,0,0
604,Poco,27999,85.0,4500.0,67.0,8,128,12.0,Android,6.67,120.0,Punch,2592000.0,64.0,8.0,2.0,8.0,Snapdragon,8.0,3.2,1,0,1
314,Motorola,16999,80.0,5000.0,33.0,6,128,11.0,Android,6.4,,,2592000.0,50.0,8.0,2.0,8.0,Snapdragon,8.0,2.2,1,0,1
859,OnePlus,28990,84.0,4500.0,150.0,8,128,12.0,Android,6.7,120.0,Punch,2604960.0,50.0,8.0,2.0,8.0,Dimensity,8.0,2.85,1,0,1
243,Vivo,24999,84.0,4700.0,66.0,8,128,12.0,Android,6.44,90.0,Water,2596320.0,64.0,8.0,2.0,8.0,Snapdragon,8.0,2.4,1,0,0
903,ZTE,19999,82.0,4200.0,55.0,6,128,12.0,Android,6.9,120.0,,2656800.0,50.0,0.0,0.0,9.84963503649635,Snapdragon,8.0,3.2,1,0,1
215,Honor,27999,81.0,5100.0,40.0,8,256,12.0,Android,6.67,120.0,Punch,2592000.0,64.0,5.0,2.0,5.0,Snapdragon,8.0,2.2,1,1,1
698,Vivo,12500,71.0,5000.0,,4,64,,Android,6.35,,,1111680.0,13.0,8.0,2.0,8.0,Helio,8.0,2.0,0,0,0
695,Motorola,19990,82.0,5000.0,20.0,6,128,10.0,Android,6.67,,,2592000.0,48.0,8.0,2.0,8.0,Snapdragon,8.0,2.2,1,0,1
794,Nokia,8999,64.0,5050.0,,4,64,11.0,Android,6.52,,,1152000.0,13.0,2.0,0.0,2.0,Unisoc,8.0,1.6,0,0,0
231,iQOO,58990,89.0,4700.0,200.0,8,256,13.0,Android,6.78,144.0,Punch,4608000.0,50.0,50.0,13.0,50.0,Snapdragon,8.0,3.2,1,1,1
836,Vivo,11990,74.0,5000.0,18.0,6,64,,Android,6.53,,,2527200.0,16.0,8.0,2.0,8.0,Snapdragon,8.0,2.0,0,0,0
312,Samsung,33499,89.0,5000.0,25.0,8,128,12.0,Android,6.5,120.0,Punch,2592000.0,64.0,0.0,0.0,9.84963503649635,Exynos,8.0,2.4,1,0,1
864,Tecno,11499,75.0,5000.0,18.0,4,128,11.0,Android,6.8,90.0,Punch,2656800.0,48.0,2.0,2.0,2.0,Helio,8.0,2.0,0,0,1
464,Nokia,10499,70.0,5000.0,10.0,4,64,12.0,Android,6.52,90.0,Water,1152000.0,50.0,2.0,0.0,2.0,Unisoc,8.0,1.6,0,0,0
893,Lyf,3890,,2500.0,,3,32,,Android,5.0,,,2073600.0,13.0,0.0,0.0,9.84963503649635,Snapdragon,8.0,1.5,0,0,0
333,Samsung,41990,,5000.0,25.0,8,256,12.0,Android,6.7,120.0,Punch,2592000.0,108.0,0.0,0.0,9.84963503649635,Snapdragon,8.0,2.4,1,0,1
432,Tecno,17999,84.0,5000.0,33.0,8,128,12.0,Android,6.8,120.0,Punch,2656800.0,64.0,50.0,2.0,50.0,Helio,8.0,2.05,0,0,1
959,Vivo,13490,,2730.0,,3,16,,Android,5.2,,,921600.0,13.0,0.0,0.0,9.84963503649635,Snapdragon,4.0,1.2,0,0,0
338,Motorola,15999,84.0,6000.0,20.0,6,128,11.0,Android,6.78,120.0,Punch,2656800.0,108.0,8.0,2.0,8.0,Snapdragon,8.0,2.3,0,0,1
7,Xiaomi,29999,86.0,4980.0,120.0,8,256,12.0,Android,6.67,120.0,Punch,2592000.0,200.0,8.0,2.0,8.0,Dimensity,8.0,2.6,1,1,0
157,OPPO,25969,82.0,4500.0,33.0,8,128,12.0,Android,6.43,,,2592000.0,64.0,2.0,2.0,2.0,Bionic,8.0,2.2,1,0,0
526,Vivo,23269,85.0,4000.0,33.0,8,128,11.0,Android,6.44,,,2592000.0,64.0,8.0,2.0,8.0,Snapdragon,8.0,2.3,0,0,0
655,Realme,8999,69.0,5000.0,18.0,4,64,11.0,Android,6.5,,,1152000.0,50.0,2.0,2.0,2.0,Tiger,8.0,1.8,0,0,0
622,Realme,26499,81.0,5000.0,80.0,8,128,12.0,Android,6.62,120.0,Punch,2592000.0,64.0,8.0,2.0,8.0,Snapdragon,8.0,3.2,1,0,0
394,Realme,20999,82.0,5000.0,33.0,8,128,12.0,Android,6.6,120.0,Punch,2604960.0,64.0,8.0,2.0,8.0,Snapdragon,8.0,2.2,1,0,0
758,Apple,179900,86.0,4352.0,,6,1,15.0,iOS,6.7,120.0,Notch,3566952.0,12.0,12.0,12.0,12.0,Bionic,6.0,3.22,1,0,1
551,Motorola,7990,65.0,5000.0,18.0,3,32,12.0,Android,6.5,90.0,Punch,1152000.0,16.0,2.0,2.0,2.0,Helio,8.0,1.8,0,0,0
781,Vivo,20990,70.0,3315.0,,4,128,,Android,6.3,,,2462400.0,16.0,5.0,0.0,5.0,Helio,8.0,2.0,0,0,0
561,Nubia,60999,86.0,5000.0,165.0,12,256,13.0,Android,6.8,120.0,,2767680.0,50.0,8.0,2.0,8.0,Snapdragon,8.0,3.2,1,0,1
914,Infinix,14999,79.0,5000.0,33.0,8,128,12.0,Android,6.7,,,2592000.0,50.0,2.0,0.0,2.0,Helio,8.0,2.0,0,0,0
679,Infinix,8299,63.0,5000.0,,3,64,12.0,Android,6.82,,,1152000.0,8.0,0.0,0.0,9.84963503649635,Helio,8.0,2.0,0,0,0
510,POCO,15999,75.0,5000.0,18.0,4,64,11.0,Android,6.5,90.0,Punch,2592000.0,48.0,2.0,2.0,2.0,Dimensity,8.0,2.2,1,1,0
812,Vivo,15499,74.0,5000.0,18.0,4,128,11.0,Android,6.51,90.0,Water,1152000.0,50.0,2.0,2.0,2.0,Snapdragon,8.0,2.4,0,0,0
645,OPPO,22990,84.0,4800.0,33.0,8,128,13.0,Android,6.58,120.0,Punch,2592000.0,50.0,13.0,2.0,13.0,Snapdragon,8.0,2.2,1,0,1
412,Samsung,7249,66.0,5000.0,15.0,3,32,11.0,Android,6.5,,,1123200.0,48.0,2.0,0.0,2.0,Unisoc,8.0,1.6,0,0,0
753,Xiaomi,24990,83.0,5160.0,67.0,8,128,11.0,Android,6.67,120.0,Punch,2592000.0,108.0,8.0,2.0,8.0,Dimensity,8.0,2.5,1,1,0
232,Vivo,11999,74.0,5000.0,18.0,4,64,12.0,Android,6.58,90.0,Water,2600640.0,50.0,2.0,0.0,2.0,Snapdragon,8.0,2.4,0,0,0
325,Tecno,8999,69.0,5000.0,,6,128,12.0,Android,6.6,90.0,Water,1152000.0,13.0,0.0,0.0,9.84963503649635,Helio,8.0,2.3,0,0,0
726,Vivo,27000,84.0,4000.0,33.0,8,128,10.0,Android,6.44,,,2592000.0,64.0,8.0,2.0,8.0,Snapdragon,8.0,2.4,1,0,0
216,Google,81999,,5000.0,30.0,12,128,13.0,Android,6.7,120.0,Punch,4492800.0,50.0,48.0,12.0,48.0,Google,8.0,2.85,1,0,1
79,Xiaomi,8388,66.0,5000.0,,4,64,11.0,Android,6.53,,,1152000.0,13.0,0.0,0.0,9.84963503649635,Helio,8.0,2.0,0,0,0
150,Xiaomi,19988,79.0,5000.0,33.0,6,128,12.0,Android,6.67,120.0,Punch,2592000.0,48.0,8.0,2.0,8.0,Snapdragon,8.0,2.0,1,1,0
300,Vivo,7790,60.0,5000.0,10.0,2,32,11.0,Android,6.51,,,1152000.0,8.0,0.0,0.0,9.84963503649635,Helio,8.0,2.3,0,0,0
805,Infinix,16999,79.0,5000.0,33.0,8,128,12.0,Android,6.7,,,2592000.0,50.0,2.0,0.0,2.0,Helio,8.0,2.05,0,0,0
316,Vivo,29990,82.0,5000.0,66.0,8,128,12.0,Android,6.0,120.0,Punch,2592000.0,50.0,8.0,2.0,8.0,Dimensity,8.0,2.4,1,0,0
448,Infinix,9999,72.0,6000.0,18.0,4,64,11.0,Android,6.82,90.0,Water,1180800.0,50.0,2.0,0.0,2.0,Helio,8.0,2.3,0,0,0
310,OPPO,25994,85.0,4500.0,65.0,8,256,11.0,Android,6.43,90.0,Punch,2592000.0,64.0,8.0,2.0,8.0,Dimensity,8.0,2.0,1,0,1
134,Poco,16499,82.0,5000.0,67.0,6,128,11.0,Android,6.67,120.0,Punch,2592000.0,64.0,8.0,2.0,8.0,Snapdragon,8.0,2.2,1,1,0
535,Xiaomi,51880,,4600.0,120.0,12,256,12.0,Android,6.73,120.0,Punch,4608000.0,50.0,50.0,50.0,50.0,Snapdragon,8.0,3.0,1,1,1
592,Samsung,17990,79.0,5000.0,15.0,6,128,11.0,Android,6.6,90.0,Water,2600640.0,48.0,5.0,2.0,5.0,Dimensity,8.0,2.2,1,0,0
405,Xiaomi,16999,79.0,5000.0,33.0,6,64,11.0,Android,6.6,90.0,Punch,2592000.0,50.0,8.0,0.0,8.0,Dimensity,8.0,2.4,1,1,0
0,OnePlus,54999,89.0,5000.0,100.0,12,256,13.0,Android,6.7,120.0,Punch,4631040.0,50.0,48.0,32.0,48.0,Snapdragon,8.0,3.2,1,0,1
825,Realme,9999,69.0,5000.0,18.0,4,128,10.0,Android,6.5,,,1152000.0,13.0,2.0,2.0,2.0,Dimensity,8.0,2.0,1,0,0
532,Poco,10799,74.0,5000.0,18.0,4,64,12.0,Android,6.58,90.0,Water,2592000.0,50.0,2.0,2.0,2.0,Helio,8.0,2.2,0,1,0
317,Samsung,12944,71.0,5000.0,15.0,4,64,12.0,Android,6.5,90.0,Water,1152000.0,50.0,2.0,0.0,2.0,Dimensity,8.0,2.2,1,0,0
636,Asus,71999,86.0,6000.0,65.0,12,256,12.0,Android,6.78,165.0,,2643840.0,50.0,13.0,5.0,13.0,Snapdragon,8.0,3.2,1,0,1
440,Xiaomi,6999,61.0,5000.0,,2,32,10.0,Android,6.53,,,1152000.0,13.0,0.0,0.0,9.84963503649635,Helio,8.0,2.0,0,0,0
437,Xiaomi,15824,84.0,5000.0,33.0,8,128,11.0,Android,6.43,90.0,Punch,2592000.0,108.0,0.0,0.0,9.84963503649635,Helio,8.0,2.05,0,1,0
174,Apple,29990,61.0,2050.0,,3,64,,iOS,4.7,,,1000500.0,12.0,0.0,0.0,9.84963503649635,Bionic,6.0,2.65,0,0,1
126,Motorola,10999,78.0,5000.0,20.0,4,64,12.0,Android,6.47,,,2592000.0,50.0,8.0,2.0,8.0,Snapdragon,8.0,2.4,0,0,1
759,Vivo,11990,68.0,5000.0,,3,64,11.0,Android,6.51,,,1152000.0,13.0,2.0,2.0,2.0,Snapdragon,8.0,2.0,0,0,0
840,Google,15999,67.0,3700.0,18.0,4,64,,Android,6.0,,,2332800.0,0.0,0.0,0.0,9.84963503649635,Snapdragon,8.0,2.0,0,0,1
882,Apple,55999,75.0,,,4,256,14.0,iOS,,,,,0.0,0.0,0.0,9.84963503649635,Bionic,6.0,3.1,1,0,1
90,Vivo,13489,69.0,5000.0,18.0,4,64,11.0,Android,6.51,,,1152000.0,13.0,2.0,0.0,2.0,Helio,8.0,2.3,0,0,0
919,Oppo,29990,81.0,5000.0,80.0,8,128,12.0,Android,6.62,120.0,Punch,2592000.0,50.0,8.0,2.0,8.0,Snapdragon,8.0,2.84,1,0,0
183,Motorola,39999,89.0,4600.0,125.0,8,128,13.0,Android,6.7,165.0,,2592000.0,50.0,50.0,12.0,50.0,Snapdragon,8.0,3.2,1,0,1
278,Tecno,13799,77.0,7000.0,33.0,6,128,11.0,Android,6.9,90.0,Punch,2656800.0,50.0,2.0,2.0,2.0,Helio,8.0,2.0,0,0,0
874,Realme,17999,83.0,5000.0,30.0,8,128,11.0,Android,6.4,,,2592000.0,64.0,0.0,0.0,9.84963503649635,Helio,8.0,2.0,0,0,0
69,Oppo,99990,,5000.0,67.0,8,256,12.0,Android,7.1,120.0,Punch,3440640.0,64.0,10.0,8.0,10.0,Snapdragon,8.0,3.2,1,0,1
295,Samsung,24999,81.0,5000.0,25.0,8,128,12.0,Android,6.6,120.0,Water,2600640.0,50.0,0.0,0.0,9.84963503649635,Snapdragon,8.0,2.2,1,0,0
132,Motorola,7999,71.0,5000.0,,4,64,11.0,Android,6.5,90.0,Punch,1152000.0,48.0,2.0,2.0,2.0,Tiger,8.0,1.8,0,0,0
304,Xiaomi,11999,75.0,6000.0,18.0,6,128,11.0,Android,6.7,,,1152000.0,50.0,2.0,0.0,2.0,Snapdragon,8.0,2.4,0,0,0
387,Samsung,12990,71.0,5000.0,15.0,4,64,12.0,Android,6.5,90.0,Water,1152000.0,50.0,2.0,2.0,2.0,Exynos,8.0,2.0,0,0,0
146,iQOO,24990,83.0,4400.0,66.0,8,128,11.0,Android,6.62,120.0,Punch,2592000.0,48.0,13.0,2.0,13.0,Snapdragon,8.0,3.2,1,0,1
775,Samsung,83000,88.0,4500.0,25.0,8,128,10.0,Android,6.7,120.0,Punch,4608000.0,64.0,0.0,0.0,9.84963503649635,Exynos,8.0,2.73,0,0,1
136,Apple,46999,75.0,3110.0,,4,128,13.0,iOS,6.1,,,1483776.0,12.0,12.0,0.0,12.0,Bionic,6.0,2.65,0,0,1
166,Xiaomi,11999,79.0,5000.0,33.0,6,128,11.0,Android,6.43,,,2592000.0,64.0,0.0,0.0,9.84963503649635,Helio,8.0,2.05,0,1,0
28,Vivo,27999,83.0,4500.0,44.0,8,128,12.0,Android,6.44,90.0,Water,2600640.0,64.0,8.0,2.0,8.0,Dimensity,8.0,2.0,1,0,0
897,Tecno,20999,79.0,5000.0,33.0,6,128,13.0,Android,6.83,120.0,Punch,2656800.0,50.0,2.0,2.0,2.0,Dimensity,8.0,2.2,1,0,1
196,OPPO,45999,86.0,4500.0,80.0,12,256,12.0,Android,6.7,120.0,Punch,2604960.0,50.0,8.0,2.0,8.0,Dimensity,8.0,2.85,1,0,1
358,Xiaomi,9999,69.0,5000.0,,6,128,11.0,Android,6.53,,,1152000.0,13.0,0.0,0.0,9.84963503649635,Helio,8.0,2.0,0,1,0
677,Infinix,16999,80.0,5000.0,120.0,6,128,12.0,Android,6.91,,,2656800.0,108.0,0.0,0.0,9.84963503649635,Helio,8.0,2.2,0,0,0
171,Xiaomi,20499,83.0,5200.0,67.0,6,128,12.0,Android,6.67,120.0,Punch,2656800.0,108.0,0.0,0.0,9.84963503649635,Snapdragon,8.0,2.36,1,1,0
901,Infinix,9999,64.0,5000.0,,3,64,12.0,Android,6.6,,,1160640.0,13.0,0.0,0.0,9.84963503649635,Helio,8.0,2.0,0,0,0
141,OPPO,39999,86.0,4500.0,67.0,16,256,13.0,Android,6.7,120.0,Punch,2604960.0,50.0,8.0,0.0,8.0,Dimensity,8.0,2.85,1,0,1
175,iQOO,15499,79.0,5000.0,18.0,6,128,12.0,Android,6.58,120.0,Water,2600640.0,50.0,2.0,0.0,2.0,Snapdragon,8.0,2.0,1,0,0
6,Apple,65999,81.0,3279.0,,6,128,16.0,iOS,6.1,,,2962440.0,12.0,12.0,0.0,12.0,Bionic,6.0,3.22,1,0,1
972,Realme,8720,64.0,5000.0,10.0,4,64,11.0,Android,6.5,,,1152000.0,8.0,0.0,0.0,9.84963503649635,Tiger,8.0,1.82,0,0,0
441,Samsung,16499,80.0,5000.0,15.0,6,128,11.0,Android,6.4,90.0,Water,2592000.0,64.0,0.0,0.0,9.84963503649635,Helio,8.0,2.0,0,0,0
73,OnePlus,44999,85.0,4800.0,150.0,8,128,12.0,Android,6.7,120.0,Punch,2604960.0,50.0,8.0,2.0,8.0,Snapdragon,8.0,3.2,1,0,1
664,Motorola,19499,80.0,5000.0,18.0,6,128,10.0,Android,6.5,,,2527200.0,64.0,0.0,0.0,9.84963503649635,Snapdragon,8.0,2.2,0,0,0
628,Samsung,99990,,5000.0,45.0,8,128,12.0,Android,6.8,120.0,Punch,4435200.0,108.0,0.0,0.0,9.84963503649635,Snapdragon,8.0,3.0,1,0,1
242,Samsung,44999,83.0,5000.0,67.0,8,128,12.0,Android,6.7,120.0,Punch,2604960.0,108.0,0.0,0.0,9.84963503649635,Snapdragon,8.0,,1,0,1
147,Samsung,16999,84.0,6000.0,25.0,6,128,12.0,Android,6.5,120.0,Punch,2592000.0,64.0,0.0,0.0,9.84963503649635,Exynos,8.0,2.4,1,0,1
773,Samsung,59450,88.0,4800.0,25.0,8,128,10.0,Android,6.7,120.0,Punch,2592000.0,64.0,12.0,12.0,12.0,Exynos,8.0,2.9,1,0,1
238,OPPO,26990,86.0,4500.0,33.0,8,256,12.0,Android,6.43,,,2592000.0,64.0,2.0,2.0,2.0,Snapdragon,8.0,2.2,1,0,1
224,Xiaomi,12188,79.0,5000.0,33.0,6,64,11.0,Android,6.43,90.0,Punch,2592000.0,50.0,0.0,0.0,9.84963503649635,Snapdragon,8.0,2.4,0,1,0
438,Samsung,22494,86.0,4500.0,25.0,8,128,11.0,Android,6.5,90.0,Punch,2592000.0,64.0,0.0,0.0,9.84963503649635,Snapdragon,8.0,2.3,0,0,0
800,Infinix,12999,77.0,5000.0,33.0,6,128,11.0,Android,6.7,,,2592000.0,50.0,2.0,0.0,2.0,Helio,8.0,2.0,0,0,0
133,Nothing,28249,86.0,4500.0,33.0,8,256,12.0,Android,6.55,120.0,Punch,2592000.0,50.0,50.0,0.0,50.0,Snapdragon,8.0,2.5,1,0,1
971,Xiaomi,32990,86.0,5000.0,80.0,8,256,13.0,Android,6.7,120.0,Punch,2592000.0,64.0,20.0,2.0,20.0,Dimensity,8.0,3.1,1,1,1
376,Realme,24999,78.0,4200.0,66.0,6,128,12.0,Android,6.4,90.0,Punch,2592000.0,50.0,8.0,2.0,8.0,Dimensity,8.0,2.2,1,0,0
187,Motorola,20499,86.0,5000.0,30.0,8,128,12.0,Android,6.6,120.0,Punch,2592000.0,50.0,8.0,2.0,8.0,Snapdragon,8.0,2.2,1,0,1
41,Xiaomi,19999,83.0,5000.0,67.0,6,128,11.0,Android,6.67,120.0,Punch,2592000.0,108.0,8.0,2.0,8.0,Bionic,8.0,2.2,1,1,0
595,OnePlus,19999,77.0,4300.0,30.0,8,128,10.0,Android,6.55,90.0,Punch,2592000.0,48.0,16.0,2.0,16.0,Snapdragon,8.0,2.0,0,0,0
108,Vivo,15999,79.0,5000.0,44.0,6,128,12.0,Android,6.44,,,2600640.0,50.0,2.0,2.0,2.0,Snapdragon,8.0,2.4,0,0,0
779,Vivo,25000,78.0,3700.0,,8,128,,Android,6.39,,,2501280.0,48.0,8.0,5.0,8.0,Snapdragon,8.0,2.0,0,0,0
56,Apple,74999,82.0,4325.0,,6,128,16.0,iOS,6.7,,,3566952.0,12.0,12.0,0.0,12.0,Bionic,6.0,3.22,1,0,1
388,Realme,14999,78.0,5000.0,33.0,6,128,11.0,Android,6.6,90.0,Punch,2604960.0,50.0,2.0,2.0,2.0,Snapdragon,8.0,2.4,0,0,0
503,Xiaomi,7289,60.0,5000.0,10.0,2,32,12.0,Android,6.52,,,1152000.0,8.0,0.0,0.0,9.84963503649635,Helio,4.0,2.0,0,0,0
548,Realme,15999,78.0,5000.0,30.0,4,128,11.0,Android,6.4,,,2592000.0,64.0,0.0,0.0,9.84963503649635,Helio,8.0,2.0,0,0,0
24,Vivo,42990,87.0,4800.0,100.0,12,256,13.0,Android,6.7,120.0,Punch,2592000.0,64.0,8.0,2.0,8.0,Dimensity,8.0,3.2,1,0,1
752,Vivo,15990,81.0,5000.0,18.0,8,128,12.0,Android,6.58,90.0,Water,2600640.0,50.0,2.0,2.0,2.0,Snapdragon,8.0,2.4,0,0,0
813,Gionee,6999,,4800.0,,3,32,10.0,Android,6.8,,,1152000.0,13.0,0.0,0.0,9.84963503649635,Tiger,4.0,2.0,0,0,0
689,OPPO,17994,80.0,4310.0,30.0,8,128,11.0,Android,6.43,,,2592000.0,48.0,0.0,0.0,9.84963503649635,Helio,8.0,2.2,0,0,0
905,Xiaomi,29999,85.0,4500.0,67.0,8,128,12.0,Android,6.55,120.0,Punch,2592000.0,50.0,20.0,2.0,20.0,Snapdragon,8.0,2.4,1,1,1
344,POCO,12999,79.0,5000.0,33.0,6,128,11.0,Android,6.43,90.0,Punch,2592000.0,64.0,8.0,2.0,8.0,Helio,8.0,2.05,0,1,0
51,iQOO,29999,82.0,5000.0,120.0,8,128,13.0,Android,6.78,120.0,Punch,2592000.0,64.0,2.0,2.0,2.0,Dimensity,8.0,3.1,1,1,1
936,Realme,6499,61.0,5000.0,,2,32,11.0,Android,6.52,,,1152000.0,8.0,0.0,0.0,9.84963503649635,Unisoc,8.0,1.6,0,0,0
899,Motorola,9022,70.0,5000.0,10.0,4,64,12.0,Android,6.5,90.0,Punch,1152000.0,16.0,2.0,0.0,2.0,Helio,8.0,2.3,0,0,0
617,Sony,69999,89.0,4000.0,21.0,8,256,10.0,Android,6.5,,,6312960.0,12.0,0.0,0.0,9.84963503649635,Snapdragon,8.0,2.84,1,0,1
268,Redmi,18999,81.0,5000.0,67.0,6,128,11.0,Android,6.67,120.0,Punch,2592000.0,108.0,0.0,0.0,9.84963503649635,Snapdragon,8.0,2.3,0,1,0
531,Infinix,12340,76.0,5000.0,18.0,8,128,12.0,Android,6.6,90.0,Water,1160640.0,50.0,0.0,0.0,9.84963503649635,Tiger,8.0,2.0,0,0,0
663,LG,54999,85.0,4300.0,25.0,6,128,10.0,Android,6.8,,,2656800.0,48.0,8.0,5.0,8.0,Snapdragon,8.0,2.4,1,0,1
486,Tecno,15999,74.0,6000.0,45.0,8,256,12.0,Android,6.66,90.0,Water,1152000.0,50.0,0.0,0.0,9.84963503649635,Helio,8.0,2.2,0,0,0
411,Realme,18999,80.0,5000.0,30.0,6,128,11.0,Android,6.6,144.0,Punch,2604960.0,48.0,2.0,2.0,2.0,Snapdragon,8.0,2.4,1,0,0
18,OnePlus,32999,86.0,5000.0,80.0,8,128,12.0,Android,6.7,120.0,Punch,2604960.0,50.0,8.0,2.0,8.0,Dimensity,8.0,2.85,1,0,1
696,Samsung,15990,80.0,4000.0,15.0,4,128,,Android,6.4,,,2527200.0,48.0,8.0,5.0,8.0,Exynos,8.0,2.3,0,0,1
553,OPPO,27990,83.0,4500.0,65.0,8,128,12.0,Android,6.43,90.0,Punch,2656800.0,50.0,0.0,0.0,9.84963503649635,Snapdragon,8.0,2.36,1,0,0
427,Xiaomi,34990,86.0,5000.0,120.0,8,128,11.0,Android,6.67,120.0,Punch,2592000.0,108.0,8.0,5.0,8.0,Snapdragon,8.0,2.84,1,1,1
373,Samsung,35489,86.0,4500.0,25.0,8,128,,Android,6.5,120.0,Punch,2592000.0,12.0,12.0,8.0,12.0,Exynos,8.0,2.73,0,0,1
83,Vivo,19990,83.0,5000.0,18.0,8,128,12.0,Android,6.58,120.0,Water,2600640.0,50.0,2.0,2.0,2.0,Snapdragon,8.0,2.2,1,0,0
61,Vivo,29990,85.0,4600.0,66.0,8,128,13.0,Android,6.78,120.0,Punch,2592000.0,64.0,8.0,2.0,8.0,Snapdragon,8.0,3.2,1,0,1
401,Apple,149900,79.0,4700.0,,8,128,17.0,iOS,6.73,120.0,,3606840.0,48.0,12.0,12.0,12.0,Bionic,8.0,,1,0,1
276,Xiaomi,50990,89.0,4600.0,120.0,8,256,12.0,Android,6.73,120.0,Punch,4608000.0,50.0,50.0,50.0,50.0,Snapdragon,8.0,3.0,1,1,1
289,Infinix,19999,78.0,5000.0,18.0,6,128,12.0,Android,6.6,120.0,Water,2600640.0,50.0,0.0,0.0,9.84963503649635,Dimensity,8.0,2.4,1,0,0
366,OnePlus,50999,87.0,4800.0,150.0,12,256,12.0,Android,6.7,120.0,Punch,2604960.0,50.0,8.0,2.0,8.0,Snapdragon,8.0,3.2,1,0,1
360,Realme,15999,84.0,5000.0,33.0,8,128,12.0,Android,6.4,90.0,Punch,2592000.0,108.0,8.0,2.0,8.0,Snapdragon,8.0,2.4,0,0,0
953,Huawei,214990,,4500.0,,12,512,10.0,Android,6.53,,,2822400.0,40.0,0.0,0.0,9.84963503649635,Kirin,8.0,2.86,1,1,1
282,Apple,69990,70.0,3500.0,,6,128,15.0,iOS,5.42,,,2527200.0,12.0,12.0,0.0,12.0,Bionic,,,0,0,1
12,Xiaomi,24762,79.0,5000.0,67.0,6,128,12.0,Android,6.67,120.0,Punch,2592000.0,50.0,8.0,2.0,8.0,Dimensity,8.0,2.6,1,1,0
184,Samsung,14999,78.0,5000.0,25.0,4,128,12.0,Android,6.6,120.0,Water,2600640.0,50.0,8.0,2.0,8.0,Snapdragon,8.0,2.2,1,0,1
374,Google,20120,78.0,2800.0,,6,64,10.0,Android,5.7,,,2462400.0,16.0,0.0,0.0,9.84963503649635,Snapdragon,8.0,2.8,0,0,1
455,Sony,15990,73.0,4000.0,,4,64,12.0,Android,6.2,,,1209600.0,13.0,5.0,2.0,5.0,Helio,8.0,2.3,0,0,1
600,Samsung,11499,69.0,5000.0,,4,128,12.0,Android,6.5,,,1152000.0,13.0,2.0,0.0,2.0,Helio,8.0,2.3,0,0,0
227,Realme,17999,79.0,5000.0,33.0,6,128,11.0,Android,6.6,90.0,Punch,2592000.0,48.0,2.0,2.0,2.0,Dimensity,8.0,2.4,1,0,0
557,Realme,11499,71.0,6000.0,18.0,4,64,11.0,Android,6.5,,,1152000.0,50.0,2.0,2.0,2.0,Helio,8.0,2.0,0,0,0
680,Sony,82199,89.0,5000.0,30.0,8,256,12.0,Android,6.1,120.0,,2721600.0,12.0,12.0,12.0,12.0,Snapdragon,8.0,3.0,1,0,1
966,Motorola,42990,87.0,4500.0,68.0,8,128,13.0,Android,6.67,144.0,Punch,2592000.0,50.0,13.0,2.0,13.0,Snapdragon,8.0,3.2,1,0,1
562,Samsung,110999,89.0,4400.0,25.0,12,256,11.0,Android,7.6,120.0,Punch,3903744.0,12.0,12.0,12.0,12.0,Snapdragon,8.0,2.84,1,0,1
567,Lyf,1999,,2000.0,,1,8,,Android,4.5,,,409920.0,5.0,0.0,0.0,9.84963503649635,Snapdragon,4.0,1.1,0,0,0
594,Realme,21999,85.0,4500.0,65.0,8,128,10.0,Android,6.4,,,2592000.0,64.0,0.0,0.0,9.84963503649635,Snapdragon,8.0,2.3,0,0,0
178,Vivo,21990,82.0,5000.0,18.0,8,128,12.0,Android,6.58,,,2600640.0,50.0,2.0,2.0,2.0,Dimensity,8.0,2.2,1,0,0
717,Huawei,60999,,4360.0,66.0,8,256,,HarmonyOS,6.6,120.0,Punch,3477600.0,50.0,0.0,0.0,9.84963503649635,Snapdragon,8.0,2.84,0,1,1
612,POCO,14799,79.0,5000.0,18.0,6,128,11.0,Android,6.5,90.0,Punch,2592000.0,48.0,2.0,2.0,2.0,Dimensity,8.0,2.2,1,1,0
941,Samsung,19999,82.0,6000.0,15.0,6,128,,Android,6.4,,,2527200.0,64.0,8.0,5.0,8.0,Exynos,8.0,2.3,0,0,0
902,Tecno,8390,63.0,5000.0,,3,64,12.0,Android,6.6,90.0,Water,1152000.0,13.0,0.0,0.0,9.84963503649635,Helio,8.0,2.3,0,0,0
940,Samsung,10499,73.0,6000.0,15.0,4,64,11.0,Android,6.5,90.0,Water,1152000.0,48.0,0.0,0.0,9.84963503649635,Exynos,8.0,2.0,0,0,0
165,Samsung,10999,74.0,6000.0,15.0,4,64,12.0,Android,6.6,,,2600640.0,50.0,5.0,2.0,5.0,Exynos,8.0,2.0,0,0,1
252,Infinix,17999,87.0,4500.0,45.0,8,128,12.0,Android,6.7,90.0,Water,2592000.0,108.0,13.0,2.0,13.0,Helio,8.0,2.2,0,0,1
743,Vivo,18990,80.0,6000.0,44.0,8,128,12.0,Android,6.58,120.0,Water,2600640.0,50.0,2.0,0.0,2.0,Dimensity,8.0,3.0,1,0,0
865,Tecno,22999,84.0,5000.0,44.0,8,256,11.0,Android,6.7,120.0,Punch,2592000.0,50.0,0.0,0.0,9.84963503649635,Helio,8.0,2.05,0,0,0
381,Vivo,8990,61.0,5000.0,10.0,3,32,12.0,Android,6.51,,,1152000.0,8.0,0.0,0.0,9.84963503649635,Helio,8.0,2.3,0,0,0
419,Apple,129990,76.0,3200.0,,6,256,16.0,iOS,6.1,120.0,,3013524.0,48.0,12.0,12.0,12.0,Bionic,6.0,,1,0,1
74,Xiaomi,13999,79.0,5000.0,18.0,6,128,11.0,Android,6.5,90.0,Punch,2592000.0,48.0,2.0,2.0,2.0,Dimensity,8.0,2.2,1,1,0
113,Samsung,31999,87.0,5000.0,25.0,6,128,12.0,Android,6.5,120.0,Punch,2592000.0,64.0,0.0,0.0,9.84963503649635,Exynos,8.0,2.4,1,0,1
554,Poco,29999,84.0,5500.0,67.0,8,128,13.0,Android,6.67,120.0,Punch,4608000.0,64.0,8.0,2.0,8.0,Snapdragon,8.0,3.2,1,1,1
545,Poco,14999,74.0,5000.0,33.0,4,128,12.0,Android,6.67,120.0,Punch,2592000.0,48.0,8.0,2.0,8.0,Snapdragon,8.0,2.2,1,1,0
396,Samsung,17990,73.0,5000.0,15.0,4,64,11.0,Android,6.5,90.0,Water,1152000.0,50.0,2.0,2.0,2.0,Dimensity,8.0,2.2,1,0,1
104,OPPO,19990,82.0,4310.0,50.0,8,128,11.0,Android,6.43,,,2592000.0,48.0,0.0,0.0,9.84963503649635,Dimensity,8.0,2.4,1,0,0
114,Xiaomi,6171,,5000.0,10.0,2,32,12.0,Android,6.52,,,1152000.0,8.0,0.0,0.0,9.84963503649635,Helio,4.0,2.0,0,0,0
424,OnePlus,74999,,5000.0,80.0,12,512,,Android,6.7,120.0,Punch,4631040.0,50.0,48.0,8.0,48.0,Snapdragon,8.0,3.0,1,0,1
436,Motorola,8999,71.0,5000.0,10.0,4,64,12.0,Android,6.5,90.0,Punch,1152000.0,50.0,2.0,0.0,2.0,Helio,8.0,2.3,0,0,0
416,Realme,27999,87.0,4200.0,65.0,12,256,10.0,Android,6.44,90.0,Punch,2592000.0,64.0,0.0,0.0,9.84963503649635,Snapdragon,8.0,2.84,1,0,1
92,Motorola,16499,84.0,5000.0,,8,128,12.0,Android,6.55,120.0,Punch,2592000.0,50.0,8.0,2.0,8.0,Snapdragon,8.0,2.2,1,0,0
549,Samsung,41999,88.0,4000.0,25.0,8,128,,Android,6.2,120.0,Punch,4608000.0,64.0,12.0,12.0,12.0,Exynos,8.0,2.73,0,0,1
89,Samsung,41999,,5000.0,25.0,8,128,12.0,Android,6.7,120.0,Punch,2592000.0,108.0,0.0,0.0,9.84963503649635,Snapdragon,8.0,2.4,1,0,1
342,Tecno,21999,82.0,5000.0,33.0,8,128,12.0,Android,6.8,120.0,Punch,2656800.0,64.0,2.0,2.0,2.0,Dimensity,8.0,2.4,1,0,1
969,Xiaomi,54999,89.0,5000.0,67.0,12,256,13.0,Android,6.43,120.0,Punch,4608000.0,50.0,50.0,50.0,50.0,Snapdragon,8.0,3.2,1,1,1
900,Xiaomi,8399,61.0,5000.0,10.0,3,32,12.0,Android,6.52,,,1152000.0,8.0,0.0,0.0,9.84963503649635,Helio,4.0,2.0,0,0,0
911,Realme,40990,86.0,5000.0,100.0,8,128,12.0,Android,6.7,120.0,Punch,2604960.0,50.0,50.0,0.0,50.0,Snapdragon,8.0,3.2,1,0,1
591,Vivo,13990,69.0,5000.0,18.0,4,64,11.0,Android,6.51,,,1152000.0,13.0,2.0,2.0,2.0,Helio,8.0,2.0,0,0,0
579,OPPO,10999,66.0,4230.0,,4,64,11.0,Android,6.52,,,1152000.0,13.0,0.0,0.0,9.84963503649635,Helio,8.0,2.3,0,0,0
596,Samsung,99999,,5000.0,45.0,12,128,,Android,6.9,,,4608000.0,108.0,0.0,0.0,9.84963503649635,Exynos,8.0,2.73,1,0,1
94,Realme,9999,67.0,5000.0,,4,64,12.0,Android,6.5,,,1152000.0,50.0,0.0,0.0,9.84963503649635,Unisoc,8.0,1.8,0,0,0
11,Oppo,18999,79.0,5000.0,33.0,8,128,12.0,Android,6.56,90.0,Water,1160640.0,50.0,2.0,0.0,2.0,Dimensity,8.0,2.2,1,0,1
403,Samsung,104999,,4500.0,67.0,12,256,12.0,Android,6.71,120.0,Punch,4628160.0,200.0,12.0,12.0,12.0,Snapdragon,8.0,3.2,1,0,1
568,Samsung,9950,66.0,5000.0,,3,64,12.0,Android,6.5,,,1152000.0,13.0,2.0,0.0,2.0,Helio,8.0,2.3,0,0,0
43,Realme,27999,85.0,5000.0,67.0,8,256,13.0,Android,6.7,120.0,Punch,2604960.0,108.0,8.0,2.0,8.0,Dimensity,8.0,2.6,1,0,0
42,Motorola,18999,87.0,5000.0,30.0,6,128,11.0,Android,6.67,90.0,Punch,2592000.0,108.0,8.0,2.0,8.0,Dimensity,8.0,2.4,1,0,1
335,Poco,25999,82.0,4500.0,67.0,6,128,12.0,Android,6.67,120.0,Punch,2592000.0,64.0,8.0,2.0,8.0,Snapdragon,8.0,3.2,1,0,1
169,Infinix,17999,75.0,5000.0,18.0,4,64,12.0,Android,6.6,120.0,Water,2600640.0,50.0,0.0,0.0,9.84963503649635,Dimensity,8.0,2.4,1,0,0
509,Realme,14990,78.0,5000.0,60.0,6,128,12.0,Android,6.6,120.0,Punch,2604960.0,50.0,2.0,2.0,2.0,Snapdragon,8.0,2.2,1,0,0
856,Infinix,19999,84.0,4500.0,120.0,8,128,12.0,Android,6.7,120.0,Punch,2592000.0,108.0,13.0,2.0,13.0,Helio,8.0,2.05,0,0,0
583,Xiaomi,24820,83.0,4500.0,120.0,6,128,11.0,Android,6.67,120.0,Punch,2592000.0,108.0,8.0,2.0,8.0,Dimensity,8.0,2.5,1,1,0
734,Xiaomi,12999,78.0,4000.0,,6,128,,Android,6.18,,,2425680.0,12.0,5.0,0.0,5.0,Snapdragon,8.0,2.8,0,0,0
100,Apple,119990,75.0,3200.0,,6,128,16.0,iOS,6.1,120.0,,3013524.0,48.0,12.0,12.0,12.0,Bionic,6.0,,1,0,1
434,BLU,14990,85.0,5000.0,,8,128,11.0,Android,6.8,,,2656800.0,48.0,0.0,0.0,9.84963503649635,Dimensity,8.0,2.4,1,0,1
180,POCO,11999,77.0,5000.0,33.0,6,64,11.0,Android,6.43,90.0,Punch,2592000.0,64.0,8.0,2.0,8.0,Helio,8.0,2.05,0,1,0
452,Samsung,9499,68.0,5000.0,15.0,4,128,12.0,Android,6.5,,,1152000.0,13.0,2.0,0.0,2.0,Helio,8.0,2.3,0,0,0
423,Honor,39990,88.0,4800.0,66.0,12,512,12.0,Android,6.67,120.0,Punch,2592000.0,54.0,50.0,2.0,50.0,Snapdragon,8.0,2.5,1,0,1
631,Vivo,12490,63.0,5000.0,,4,128,11.0,Android,6.51,,,1152000.0,13.0,2.0,0.0,2.0,Helio,8.0,2.3,0,0,0
862,Oppo,22990,82.0,4500.0,33.0,8,256,11.0,Android,6.43,,,2592000.0,48.0,2.0,0.0,2.0,Snapdragon,8.0,2.2,1,0,0
641,Apple,39900,63.0,1821.0,18.0,3,64,13.0,iOS,4.7,,,1000500.0,12.0,0.0,0.0,9.84963503649635,Bionic,6.0,2.65,0,0,1
179,Vivo,31999,85.0,4500.0,44.0,12,256,12.0,Android,6.44,90.0,Water,2600640.0,64.0,8.0,2.0,8.0,Dimensity,8.0,2.0,1,0,0
402,Poco,6499,,5000.0,10.0,2,32,12.0,Android,6.52,,,1152000.0,8.0,0.0,0.0,9.84963503649635,Helio,4.0,2.0,0,0,0
851,Tecno,13990,67.0,7000.0,,6,128,12.0,Android,6.82,90.0,Water,1152000.0,16.0,2.0,0.0,2.0,Helio,8.0,2.0,0,0,0
774,POCO,12799,76.0,5000.0,33.0,4,64,,Android,6.67,,,2592000.0,48.0,0.0,0.0,9.84963503649635,Snapdragon,8.0,2.3,0,1,0
791,Apple,172999,77.0,3200.0,,6,1,16.0,iOS,6.1,120.0,,3013524.0,48.0,12.0,12.0,12.0,Bionic,6.0,,1,0,1
389,Realme,18499,80.0,5000.0,18.0,8,128,11.0,Android,6.5,90.0,Punch,2592000.0,48.0,2.0,2.0,2.0,Dimensity,8.0,2.2,1,0,0
261,Tecno,15499,78.0,6000.0,18.0,8,128,11.0,Android,6.9,120.0,Punch,2656800.0,50.0,2.0,0.0,2.0,Dimensity,8.0,2.4,1,0,0
522,Realme,49959,89.0,5000.0,65.0,8,128,12.0,Android,6.7,120.0,Punch,4631040.0,50.0,50.0,2.0,50.0,Snapdragon,8.0,3.0,1,0,1
341,Xiaomi,7499,68.0,5000.0,,4,64,11.0,Android,6.53,,,1152000.0,13.0,2.0,0.0,2.0,Helio,8.0,2.3,0,0,0
599,Sony,19990,80.0,5000.0,33.0,8,128,13.0,Android,6.5,120.0,,2592000.0,50.0,2.0,0.0,2.0,Snapdragon,8.0,2.0,0,0,1
15,Apple,62999,79.0,3240.0,,4,128,15.0,iOS,6.1,,,2962440.0,12.0,12.0,0.0,12.0,Bionic,6.0,3.22,1,0,1
3,Motorola,14999,81.0,5000.0,,6,128,12.0,Android,6.55,120.0,Punch,2592000.0,50.0,8.0,2.0,8.0,Snapdragon,8.0,2.2,1,0,0
487,Huawei,23999,84.0,4500.0,66.0,8,256,12.0,Android,6.67,90.0,Punch,2332800.0,108.0,8.0,2.0,8.0,Snapdragon,8.0,2.4,0,0,1
260,Poco,13499,79.0,5000.0,18.0,6,128,12.0,Android,6.58,90.0,Water,2592000.0,50.0,2.0,0.0,2.0,Dimensity,8.0,2.2,1,1,0
854,Huawei,22990,82.0,5000.0,40.0,8,128,12.0,EMUI,6.7,90.0,Punch,2579040.0,50.0,0.0,0.0,9.84963503649635,Snapdragon,8.0,2.4,0,0,1
822,Xiaomi,30990,85.0,4520.0,33.0,8,128,11.0,Android,6.67,120.0,Punch,2592000.0,108.0,8.0,5.0,8.0,Snapdragon,8.0,2.84,1,1,0
688,Samsung,11725,76.0,6000.0,15.0,4,64,11.0,Android,6.4,,,2527200.0,48.0,8.0,5.0,8.0,Exynos,8.0,2.3,0,0,0
490,Motorola,8859,67.0,5000.0,18.0,4,64,12.0,Android,6.5,90.0,Punch,1152000.0,16.0,2.0,2.0,2.0,Helio,8.0,1.8,0,0,0
400,Realme,34999,83.0,4600.0,240.0,8,128,13.0,Android,6.7,120.0,Punch,2604960.0,50.0,8.0,2.0,8.0,Snapdragon,8.0,3.2,1,0,1
226,POCO,7499,68.0,5000.0,,4,64,10.0,Android,6.53,,,1152000.0,13.0,2.0,2.0,2.0,Helio,8.0,2.3,0,0,0
181,Infinix,36999,89.0,4500.0,180.0,8,256,12.0,Android,6.8,120.0,Punch,2592000.0,200.0,13.0,2.0,13.0,Dimensity,8.0,2.5,1,0,0
293,Xiaomi,13999,82.0,5000.0,33.0,8,128,11.0,Android,6.43,,,2592000.0,64.0,0.0,0.0,9.84963503649635,Helio,8.0,2.05,0,1,0
686,Vivo,14990,74.0,5000.0,18.0,4,128,11.0,Android,6.51,,,1152000.0,50.0,2.0,2.0,2.0,Helio,8.0,2.0,0,0,0
330,Vivo,14999,77.0,5000.0,18.0,6,128,12.0,Android,6.58,90.0,Water,2600640.0,50.0,2.0,0.0,2.0,Snapdragon,8.0,2.4,0,0,0
803,Vivo,59999,88.0,4500.0,80.0,12,256,12.0,Android,6.78,120.0,Punch,2592000.0,50.0,12.0,12.0,12.0,Dimensity,8.0,3.05,1,0,0
9,OnePlus,28999,84.0,4500.0,80.0,8,128,12.0,Android,6.43,90.0,Punch,2592000.0,50.0,8.0,2.0,8.0,Dimensity,8.0,3.0,1,0,1
253,iQOO,16940,80.0,5000.0,18.0,6,128,12.0,Android,6.58,120.0,Water,2600640.0,50.0,2.0,2.0,2.0,Snapdragon,8.0,2.2,1,0,0
22,Poco,14999,80.0,5000.0,67.0,6,64,11.0,Android,6.67,120.0,Punch,2592000.0,64.0,8.0,2.0,8.0,Snapdragon,8.0,2.2,1,1,0
362,iQOO,34990,84.0,4350.0,120.0,8,128,12.0,Android,6.56,120.0,Punch,2566080.0,48.0,13.0,13.0,13.0,Snapdragon,8.0,2.9,1,0,0
225,Vivo,8999,,5000.0,10.0,3,32,12.0,Android,6.51,,,1152000.0,8.0,0.0,0.0,9.84963503649635,Helio,8.0,,0,0,0
649,itel,6699,61.0,5000.0,18.0,3,64,,Android,6.6,,,1160640.0,8.0,0.0,0.0,9.84963503649635,Unisoc,8.0,1.6,0,0,0
841,Samsung,17990,69.0,3100.0,15.0,4,64,,Android,5.9,,,2527200.0,16.0,5.0,0.0,5.0,Exynos,8.0,2.2,0,0,0
963,OPPO,13990,72.0,5000.0,10.0,6,128,12.0,Android,6.56,90.0,Water,1160640.0,13.0,2.0,0.0,2.0,Dimensity,8.0,2.2,1,0,0
871,Poco,14990,79.0,5000.0,67.0,6,128,12.0,Android,6.67,120.0,Punch,2592000.0,50.0,8.0,2.0,8.0,Dimensity,8.0,2.2,1,0,0
346,Apple,72999,79.0,3240.0,,4,256,15.0,iOS,6.1,,,2962440.0,12.0,12.0,0.0,12.0,Bionic,6.0,3.22,1,0,1
439,Poco,19650,82.0,5160.0,33.0,6,128,11.0,Android,6.67,120.0,Punch,2592000.0,48.0,0.0,0.0,9.84963503649635,Snapdragon,8.0,2.96,0,1,0
536,OPPO,16990,80.0,5000.0,33.0,8,128,11.0,Android,6.59,90.0,Punch,2604960.0,50.0,2.0,2.0,2.0,Snapdragon,8.0,2.4,0,0,0
814,Xiaomi,12499,77.0,5020.0,18.0,4,128,,Android,6.67,,,2592000.0,48.0,0.0,0.0,9.84963503649635,Snapdragon,8.0,2.3,0,1,0
806,Samsung,14999,60.0,6000.0,,4,64,13.0,Android,6.5,,,1152000.0,48.0,8.0,2.0,8.0,Exynos,8.0,,0,0,0
207,Samsung,34999,76.0,5000.0,25.0,6,128,13.0,Android,6.4,120.0,Punch,2592000.0,50.0,12.0,5.0,12.0,Exynos,8.0,,1,0,1
615,Vivo,23994,85.0,4000.0,33.0,8,128,11.0,Android,6.44,90.0,Water,2592000.0,64.0,8.0,2.0,8.0,Dimensity,8.0,2.4,1,0,0
453,Redmi,7999,70.0,5000.0,,4,64,12.0,Android,6.71,,,1188000.0,50.0,0.0,0.0,9.84963503649635,Helio,8.0,2.0,0,0,0
241,OPPO,13969,69.0,5000.0,33.0,4,64,12.0,Android,6.56,,,1160640.0,13.0,2.0,0.0,2.0,Helio,8.0,2.3,0,0,0
93,Vivo,73999,,4700.0,80.0,12,256,13.0,Android,6.78,120.0,Punch,4608000.0,0.0,0.0,0.0,9.84963503649635,Snapdragon,8.0,3.2,1,1,1
654,Infinix,7320,60.0,5000.0,,2,64,11.0,Android,6.6,,,1152000.0,8.0,0.0,0.0,9.84963503649635,Helio,4.0,2.0,0,0,0
543,Realme,17999,80.0,5000.0,33.0,6,128,11.0,Android,6.5,90.0,Punch,2592000.0,64.0,2.0,2.0,2.0,Dimensity,8.0,2.4,1,0,0
68,Samsung,15999,78.0,5000.0,25.0,4,128,12.0,Android,6.6,120.0,Water,2600640.0,50.0,8.0,2.0,8.0,Snapdragon,8.0,2.2,1,0,1
607,Vivo,17999,82.0,5000.0,44.0,8,128,12.0,Android,6.44,,,2600640.0,50.0,2.0,2.0,2.0,Snapdragon,8.0,2.4,0,0,0
818,Xiaomi,42990,87.0,4500.0,67.0,8,128,12.0,Android,6.28,120.0,Punch,2592000.0,50.0,13.0,5.0,13.0,Snapdragon,8.0,3.0,1,1,1
288,Infinix,16900,83.0,5000.0,33.0,8,256,12.0,Android,6.7,,,2592000.0,108.0,2.0,0.0,2.0,Helio,8.0,2.2,0,0,0
186,OnePlus,27999,84.0,4200.0,120.0,8,128,11.0,Android,6.43,90.0,Punch,2592000.0,50.0,12.0,5.0,12.0,Dimensity,8.0,3.1,1,0,1
957,Samsung,39990,78.0,3400.0,,6,128,,Android,6.4,,,2527200.0,24.0,10.0,5.0,10.0,Snapdragon,8.0,2.2,0,0,1
795,OnePlus,18990,75.0,5000.0,33.0,4,64,12.0,Android,6.56,90.0,Water,1160640.0,48.0,2.0,0.0,2.0,Dimensity,8.0,2.4,1,0,1
442,Motorola,15999,75.0,5000.0,10.0,4,128,13.0,Android,6.5,90.0,Punch,1152000.0,50.0,2.0,2.0,2.0,Helio,8.0,2.0,0,0,1
675,OPPO,23990,79.0,5000.0,33.0,12,256,12.0,Android,6.56,90.0,Water,2592000.0,48.0,2.0,0.0,2.0,Dimensity,8.0,2.4,1,0,0
155,Nokia,4990,,1450.0,,4,512,,,2.7,,,76800.0,0.0,0.0,0.0,9.84963503649635,Snapdragon,4.0,1.3,0,0,0
75,Gionee,6190,,3500.0,,4,32,2.0,HarmonyOS,6.26,,,1152000.0,13.0,0.0,0.0,9.84963503649635,Tiger,4.0,2.0,0,0,0
974,itel,4787,,3020.0,,2,32,11.0,Android,5.0,,,409920.0,2.0,0.0,0.0,9.84963503649635,Spreadtrum,4.0,1.4,0,0,0
454,Asus,63990,86.0,4300.0,30.0,8,128,12.0,Android,5.9,120.0,Punch,2592000.0,50.0,12.0,0.0,12.0,Snapdragon,8.0,3.2,1,0,1
191,Duoqin,9990,,2150.0,,4,64,12.0,Android,3.54,,,614400.0,8.0,0.0,0.0,9.84963503649635,Helio,8.0,2.0,0,0,0
275,Xiaomi,22700,86.0,5000.0,67.0,8,128,11.0,Android,6.67,120.0,Punch,2592000.0,108.0,8.0,2.0,8.0,Bionic,8.0,2.2,1,1,0
240,Xiaomi,24999,89.0,4300.0,120.0,8,256,12.0,Android,6.67,120.0,Punch,2592000.0,200.0,8.0,2.0,8.0,Dimensity,8.0,2.6,1,1,1
496,Honor,24990,75.0,4300.0,66.0,8,128,11.0,Android,6.67,120.0,Punch,2527200.0,64.0,8.0,2.0,8.0,Dimensity,8.0,2.0,1,0,0
117,iQOO,21788,78.0,4700.0,66.0,6,128,12.0,Android,6.44,90.0,Water,2596320.0,64.0,8.0,2.0,8.0,Snapdragon,8.0,2.4,1,0,0
797,Realme,7999,61.0,5000.0,10.0,3,32,11.0,Android,6.5,,,1152000.0,8.0,0.0,0.0,9.84963503649635,Tiger,8.0,1.82,0,0,0
521,Motorola,23990,85.0,5000.0,33.0,6,128,11.0,Android,6.8,144.0,Punch,2656800.0,108.0,13.0,2.0,13.0,Snapdragon,8.0,2.9,1,0,0
538,Samsung,57999,87.0,3700.0,25.0,8,256,12.0,Android,6.1,120.0,Punch,2527200.0,50.0,12.0,10.0,12.0,Snapdragon,8.0,3.0,1,0,1
929,Vivo,9999,65.0,5000.0,,3,32,11.0,Android,6.51,,,1152000.0,13.0,2.0,0.0,2.0,Snapdragon,8.0,2.0,0,0,0
127,OnePlus,24999,85.0,5000.0,33.0,8,256,12.0,Android,6.59,120.0,Punch,2604960.0,64.0,2.0,2.0,2.0,Snapdragon,8.0,2.2,1,0,0
116,Samsung,25289,87.0,5000.0,25.0,8,128,12.0,Android,6.7,120.0,Punch,2592000.0,108.0,0.0,0.0,9.84963503649635,Dimensity,8.0,2.4,1,0,0
481,iQOO,15999,80.0,5000.0,44.0,6,128,12.0,Android,6.44,120.0,Water,2592000.0,50.0,2.0,2.0,2.0,Snapdragon,8.0,2.4,0,0,0
746,Vivo,82990,,5000.0,80.0,12,512,12.0,Android,7.0,120.0,Punch,4435200.0,50.0,0.0,0.0,9.84963503649635,Snapdragon,8.0,3.0,1,1,1
57,Xiaomi,10999,78.0,5000.0,33.0,6,64,11.0,Android,6.43,,,2592000.0,64.0,0.0,0.0,9.84963503649635,Helio,8.0,2.05,0,1,0
778,Vivo,9490,64.0,5000.0,,3,32,,Android,6.35,,,1111680.0,13.0,2.0,0.0,2.0,Snapdragon,8.0,2.0,0,0,0
891,Realme,8999,,4000.0,,2,16,,Android,6.2,,,1094400.0,13.0,2.0,0.0,2.0,Helio,8.0,2.1,0,0,0
375,Samsung,42999,81.0,4100.0,15.0,8,128,,Android,6.4,,,4377600.0,16.0,12.0,12.0,12.0,Exynos,8.0,2.7,0,0,1
272,Google,54300,89.0,5003.0,30.0,12,128,12.0,Android,6.71,120.0,Punch,4492800.0,50.0,48.0,12.0,48.0,Google,8.0,2.8,1,0,1
46,Xiaomi,11936,76.0,5000.0,33.0,4,64,11.0,Android,6.43,90.0,Punch,2592000.0,50.0,0.0,0.0,9.84963503649635,Snapdragon,8.0,2.4,0,1,0
355,Realme,7145,,5000.0,10.0,2,32,12.0,Android,6.5,,,1152000.0,8.0,0.0,0.0,9.84963503649635,Unisoc,8.0,1.6,0,0,0
198,Poco,17999,84.0,5000.0,67.0,8,128,11.0,Android,6.67,120.0,Punch,2592000.0,64.0,8.0,2.0,8.0,Snapdragon,8.0,2.2,1,1,0
980,Motorola,19990,80.0,5000.0,,6,128,12.0,Android,6.8,,,2592000.0,108.0,8.0,2.0,8.0,Snapdragon,8.0,2.2,1,0,1
815,Apple,91999,80.0,3240.0,,4,512,15.0,iOS,6.1,,,2962440.0,12.0,12.0,0.0,12.0,Bionic,6.0,3.22,1,0,1
715,Huawei,29990,83.0,4300.0,66.0,8,128,,HarmonyOS,6.57,120.0,Punch,2527200.0,50.0,0.0,0.0,9.84963503649635,Snapdragon,8.0,2.4,0,0,1
267,OnePlus,34999,84.0,5000.0,100.0,8,128,13.0,Android,6.7,120.0,Punch,2604960.0,50.0,8.0,2.0,8.0,Snapdragon,8.0,3.2,1,0,1
451,Tecno,25999,84.0,4700.0,33.0,8,256,11.0,Android,6.7,90.0,Punch,2527200.0,50.0,13.0,8.0,13.0,Helio,8.0,2.05,0,0,0
922,Infinix,12799,77.0,5000.0,33.0,6,128,11.0,Android,6.7,,,2592000.0,50.0,2.0,0.0,2.0,Helio,8.0,2.0,0,0,0
308,OnePlus,55999,87.0,4800.0,150.0,16,256,12.0,Android,6.7,120.0,Punch,2604960.0,50.0,8.0,2.0,8.0,Snapdragon,8.0,3.2,1,0,1
347,Oppo,77990,,4700.0,120.0,12,256,13.0,Android,6.78,120.0,Punch,2592000.0,50.0,50.0,50.0,50.0,Snapdragon,8.0,3.2,1,0,1
946,Realme,10499,72.0,6000.0,18.0,4,64,10.0,Android,6.5,,,1152000.0,48.0,8.0,2.0,8.0,Helio,8.0,2.0,0,0,0
151,Motorola,11999,75.0,5000.0,33.0,4,64,12.0,Android,6.6,90.0,Punch,2656800.0,50.0,8.0,2.0,8.0,Snapdragon,8.0,2.4,0,0,1
125,Vivo,24994,83.0,4200.0,44.0,8,128,12.0,Android,6.44,90.0,Notch,2592000.0,64.0,8.0,2.0,8.0,Dimensity,8.0,2.5,1,0,0
766,Xiaomi,10990,77.0,5000.0,18.0,4,128,10.0,Android,6.43,90.0,Punch,2527200.0,48.0,0.0,0.0,9.84963503649635,Dimensity,8.0,2.2,1,1,0
50,Samsung,18999,79.0,5000.0,15.0,6,128,13.0,Android,6.6,90.0,Water,2600640.0,50.0,2.0,2.0,2.0,Exynos,8.0,2.4,1,0,0
359,Poco,29999,86.0,4500.0,67.0,12,256,12.0,Android,6.67,120.0,Punch,2592000.0,64.0,8.0,2.0,8.0,Snapdragon,8.0,3.2,1,0,1
906,TCL,8990,60.0,3000.0,10.0,3,32,,Android,6.0,,,1036800.0,13.0,0.0,0.0,9.84963503649635,Helio,8.0,2.0,0,0,0
144,OnePlus,14999,69.0,6000.0,18.0,4,64,10.0,Android,6.52,,,1123200.0,13.0,2.0,2.0,2.0,Snapdragon,8.0,1.8,0,0,0
478,Itel,5990,,3020.0,,2,32,12.0,Android,5.0,,,409920.0,2.0,0.0,0.0,9.84963503649635,Unisoc,4.0,1.4,0,0,0
406,Vivo,79999,,4700.0,80.0,12,256,12.0,Android,6.78,120.0,Punch,4608000.0,50.0,0.0,0.0,9.84963503649635,Snapdragon,8.0,3.0,1,0,1
610,Realme,13999,77.0,5000.0,18.0,6,128,11.0,Android,6.6,120.0,Punch,2604960.0,50.0,2.0,2.0,2.0,Helio,8.0,2.05,0,0,0
326,Google,40480,84.0,4614.0,30.0,8,128,12.0,Android,6.4,90.0,Punch,2592000.0,50.0,12.0,0.0,12.0,Google,8.0,2.8,1,0,1
19,Vivo,14499,72.0,5000.0,18.0,4,64,12.0,Android,6.55,,,1160640.0,50.0,2.0,0.0,2.0,Helio,8.0,2.0,0,0,0
788,Infinix,12999,77.0,5000.0,18.0,8,128,12.0,Android,6.78,,,2656800.0,50.0,0.0,0.0,9.84963503649635,Helio,8.0,2.05,0,0,0
770,Oppo,11490,72.0,4230.0,,4,128,10.0,Android,6.52,,,1152000.0,13.0,2.0,2.0,2.0,Helio,8.0,2.3,0,0,0
787,Xiaomi,28999,85.0,5080.0,120.0,8,128,13.0,Android,6.67,120.0,Punch,2656800.0,50.0,13.0,2.0,13.0,Dimensity,8.0,3.1,1,1,0
414,Xiaomi,23890,80.0,4520.0,33.0,6,128,11.0,Android,6.67,120.0,Punch,2592000.0,48.0,8.0,5.0,8.0,Snapdragon,8.0,3.2,1,1,0
547,iQOO,35990,85.0,4400.0,66.0,12,256,11.0,Android,6.62,120.0,Punch,2592000.0,48.0,13.0,2.0,13.0,Snapdragon,8.0,3.2,1,0,1
605,Xiaomi,19990,82.0,5080.0,67.0,6,128,12.0,Android,6.6,144.0,Punch,2656800.0,64.0,8.0,2.0,8.0,Dimensity,8.0,2.85,1,1,1
38,Xiaomi,32999,83.0,5200.0,210.0,6,128,12.0,Android,6.67,120.0,Punch,2656800.0,108.0,0.0,0.0,9.84963503649635,Snapdragon,8.0,2.36,1,1,0
177,Realme,10999,74.0,5000.0,33.0,4,64,11.0,Android,6.6,120.0,Punch,2604960.0,50.0,2.0,2.0,2.0,Helio,8.0,2.0,0,0,0
249,Nubia,46990,84.0,6000.0,80.0,8,128,13.0,Android,6.8,120.0,,2767680.0,50.0,8.0,2.0,8.0,Snapdragon,8.0,3.2,1,0,1
809,Xiaomi,17999,81.0,5000.0,67.0,6,128,11.0,Android,6.67,120.0,Punch,2592000.0,108.0,0.0,0.0,9.84963503649635,Helio,8.0,2.05,0,1,0
843,Huawei,10949,66.0,3000.0,,4,64,,Android,5.84,,,2462400.0,13.0,2.0,0.0,2.0,Kirin,8.0,2.36,0,0,0
732,Realme,13279,75.0,4000.0,20.0,4,64,,Android,6.4,,,2527200.0,64.0,0.0,0.0,9.84963503649635,Snapdragon,8.0,2.3,0,0,0
838,Xiaomi,11490,66.0,5000.0,18.0,4,64,,Android,6.22,,,1094400.0,12.0,2.0,0.0,2.0,Snapdragon,8.0,2.0,0,1,0
156,Realme,5299,,5000.0,,2,32,11.0,Android,6.5,,,1152000.0,8.0,0.0,0.0,9.84963503649635,Tiger,8.0,1.82,0,0,0
291,Samsung,12999,75.0,6000.0,15.0,6,128,12.0,Android,6.6,,,2592000.0,50.0,5.0,2.0,5.0,Exynos,8.0,2.0,0,0,0
816,Infinix,9690,71.0,5000.0,,4,64,11.0,Android,6.78,90.0,Punch,2678400.0,50.0,2.0,0.0,2.0,Helio,8.0,2.0,0,0,0
580,Xiaomi,13990,71.0,6000.0,18.0,4,64,11.0,Android,6.7,,,1152000.0,50.0,2.0,0.0,2.0,Snapdragon,8.0,2.4,0,0,0
721,OPPO,44990,87.0,4500.0,65.0,8,128,11.0,Android,6.55,90.0,Punch,2592000.0,50.0,0.0,0.0,9.84963503649635,Snapdragon,8.0,3.2,1,0,1
17,OPPO,45999,86.0,4700.0,80.0,16,256,13.0,Android,6.7,120.0,Punch,2604960.0,50.0,8.0,2.0,8.0,Snapdragon,8.0,3.2,1,0,1
128,Samsung,25999,82.0,5000.0,25.0,6,128,12.0,Android,6.4,90.0,Punch,2592000.0,48.0,0.0,0.0,9.84963503649635,Exynos,8.0,2.4,1,0,1
328,Samsung,105999,,5000.0,25.0,12,256,10.0,Android,6.8,120.0,Punch,4608000.0,108.0,0.0,0.0,9.84963503649635,Exynos,8.0,2.9,1,0,1
259,Motorola,19999,77.0,5000.0,30.0,4,128,13.0,Android,6.5,90.0,Punch,1152000.0,50.0,5.0,2.0,5.0,Helio,8.0,2.0,0,0,1
640,Xiaomi,8999,68.0,5000.0,,4,64,10.0,Android,6.53,,,1152000.0,13.0,2.0,0.0,2.0,Helio,8.0,2.3,0,0,0
944,Vivo,19000,82.0,4100.0,33.0,8,128,,Android,6.44,,,2592000.0,48.0,8.0,2.0,8.0,Snapdragon,8.0,2.0,0,0,0
193,Nokia,46999,,6000.0,65.0,12,256,,Android,6.9,120.0,Punch,4480000.0,200.0,0.0,0.0,9.84963503649635,Snapdragon,8.0,3.0,1,0,0
115,OPPO,29340,83.0,4500.0,80.0,8,128,12.0,Android,6.43,90.0,Punch,2592000.0,50.0,8.0,2.0,8.0,Dimensity,8.0,3.0,1,0,1
601,Xiaomi,13999,75.0,5000.0,33.0,4,64,13.0,Android,6.67,120.0,Punch,2592000.0,48.0,8.0,2.0,8.0,Helio,8.0,2.2,0,1,0
182,Tecno,6999,62.0,5000.0,10.0,3,32,12.0,Android,6.56,,,1152000.0,13.0,0.0,0.0,9.84963503649635,Helio,4.0,2.0,0,0,0
305,Xiaomi,21890,83.0,4250.0,33.0,6,128,11.0,Android,6.55,90.0,Punch,2592000.0,64.0,8.0,5.0,8.0,Snapdragon,8.0,2.4,1,1,1
875,Realme,19999,83.0,5000.0,30.0,8,128,10.0,Android,6.5,120.0,Punch,2592000.0,48.0,8.0,2.0,8.0,Dimensity,8.0,2.4,1,0,0
693,Poco,10890,74.0,5000.0,18.0,6,64,,Android,6.53,,,2527200.0,13.0,0.0,0.0,9.84963503649635,Helio,8.0,2.0,0,1,0
704,Xiaomi,48990,87.0,5000.0,120.0,8,128,12.0,Android,6.67,120.0,Punch,3308640.0,108.0,8.0,2.0,8.0,Dimensity,8.0,2.85,1,1,1
666,Samsung,39999,83.0,4500.0,25.0,6,128,,Android,6.7,,,2592000.0,12.0,12.0,12.0,12.0,Exynos,8.0,2.7,0,0,1
644,Vivo,16990,77.0,6000.0,44.0,8,128,11.0,Android,6.58,,,2600640.0,50.0,2.0,0.0,2.0,Dimensity,8.0,2.0,1,0,0
527,Xiaomi,13999,75.0,5020.0,18.0,4,64,,Android,6.67,,,2592000.0,48.0,0.0,0.0,9.84963503649635,Snapdragon,8.0,2.3,0,1,0
964,Doogee,14999,84.0,6000.0,33.0,8,128,12.0,Android,6.3,,,2527200.0,108.0,64.0,16.0,64.0,Helio,8.0,2.05,0,0,1
45,Samsung,17478,81.0,6000.0,25.0,6,128,12.0,Android,6.6,120.0,Water,2592000.0,50.0,0.0,0.0,9.84963503649635,Exynos,8.0,2.4,1,0,1
896,Lava,8999,66.0,5000.0,,4,64,12.0,Android,6.5,,,1152000.0,13.0,2.0,0.0,2.0,Helio,8.0,2.3,0,0,0
159,Oppo,94990,,4520.0,67.0,12,256,,,7.1,120.0,Punch,3440640.0,0.0,0.0,0.0,9.84963503649635,Snapdragon,8.0,3.2,1,0,1
722,Motorola,22490,87.0,5000.0,20.0,6,128,11.0,Android,6.7,90.0,Punch,2721600.0,64.0,0.0,0.0,9.84963503649635,Snapdragon,8.0,3.2,1,0,1
173,OPPO,15490,77.0,5000.0,18.0,6,128,11.0,Android,6.5,90.0,Punch,2592000.0,48.0,2.0,2.0,2.0,Snapdragon,8.0,2.0,1,0,0
16,Vivo,9999,65.0,5000.0,10.0,3,32,12.0,Android,6.51,,,1152000.0,13.0,2.0,0.0,2.0,Helio,8.0,2.3,0,0,0
520,Vivo,7999,61.0,5000.0,,2,32,11.0,Android,6.51,,,1152000.0,8.0,0.0,0.0,9.84963503649635,Helio,8.0,2.3,0,0,0
48,Vivo,12489,68.0,5000.0,10.0,4,64,12.0,Android,6.51,,,1152000.0,13.0,2.0,0.0,2.0,Helio,8.0,2.3,0,0,0
950,Vivo,9990,65.0,5000.0,,4,64,10.0,Android,6.5,,,1111680.0,13.0,2.0,0.0,2.0,Snapdragon,8.0,1.8,0,0,0
952,Sharp,59990,88.0,3730.0,,12,256,10.0,Android,6.5,,,4561920.0,48.0,0.0,0.0,9.84963503649635,Snapdragon,8.0,2.84,0,0,1
524,Vivo,19990,80.0,4000.0,33.0,8,128,11.0,Android,6.44,,,2592000.0,64.0,2.0,2.0,2.0,Helio,8.0,2.05,0,0,0
667,Samsung,92999,89.0,4300.0,,12,256,,Android,6.8,,,4377600.0,12.0,0.0,0.0,9.84963503649635,Exynos,8.0,2.7,1,1,1
488,Vivo,12999,75.0,5000.0,18.0,4,128,12.0,Android,6.58,90.0,Water,2600640.0,50.0,2.0,0.0,2.0,Snapdragon,8.0,2.4,0,0,0
287,Xiaomi,19999,81.0,5000.0,67.0,8,128,13.0,Android,6.67,120.0,Punch,2592000.0,50.0,8.0,2.0,8.0,Snapdragon,8.0,2.4,1,1,1
637,Realme,26999,84.0,4500.0,50.0,8,128,11.0,Android,6.43,120.0,Punch,2592000.0,64.0,8.0,2.0,8.0,Dimensity,8.0,3.0,1,0,1
229,OPPO,45999,86.0,4500.0,80.0,12,256,12.0,Android,6.7,120.0,Punch,2604960.0,50.0,8.0,2.0,8.0,Dimensity,8.0,2.85,1,0,1
26,OnePlus,21995,84.0,5000.0,33.0,8,128,12.0,Android,6.59,120.0,Punch,2604960.0,64.0,2.0,2.0,2.0,Snapdragon,8.0,2.2,1,0,0
762,Xiaomi,75999,,4800.0,67.0,12,256,12.0,Android,6.73,120.0,Punch,4608000.0,50.0,50.0,50.0,50.0,Snapdragon,8.0,3.2,1,1,1
445,Infinix,6999,,5000.0,,2,32,11.0,Android,6.6,,,1152000.0,8.0,0.0,0.0,9.84963503649635,Helio,4.0,2.0,0,0,0
931,Poco,32999,79.0,5065.0,67.0,6,128,11.0,Android,6.67,120.0,Punch,2592000.0,64.0,8.0,2.0,8.0,Dimensity,8.0,3.0,1,1,0
370,Sony,134999,,4500.0,30.0,12,512,11.0,Android,6.5,120.0,,6312960.0,12.0,12.0,12.0,12.0,Snapdragon,8.0,2.84,1,0,1
233,Xiaomi,11999,77.0,6000.0,18.0,8,128,11.0,Android,6.7,,,1188000.0,50.0,2.0,0.0,2.0,Snapdragon,8.0,2.4,0,1,0
37,Samsung,91999,,5000.0,45.0,12,256,12.0,Android,6.8,120.0,Punch,4435200.0,108.0,0.0,0.0,9.84963503649635,Snapdragon,8.0,3.0,1,0,1
945,OPPO,13990,70.0,5000.0,18.0,6,128,10.0,Android,6.5,90.0,Punch,1152000.0,13.0,2.0,2.0,2.0,Snapdragon,8.0,1.8,0,0,0
380,Samsung,22494,86.0,4500.0,25.0,8,128,10.0,Android,6.7,,,2592000.0,64.0,0.0,0.0,9.84963503649635,Snapdragon,8.0,2.2,0,0,0
477,Tecno,6299,,5000.0,,2,32,12.0,Android,6.56,,,1152000.0,8.0,0.0,0.0,9.84963503649635,Helio,4.0,2.0,0,0,0
947,itel,5890,,4000.0,,3,32,,Android,6.09,,,1094400.0,8.0,0.0,0.0,9.84963503649635,Unisoc,8.0,1.6,0,0,0
880,Samsung,10999,72.0,6000.0,15.0,4,64,11.0,Android,6.5,90.0,Water,1152000.0,48.0,0.0,0.0,9.84963503649635,Exynos,8.0,2.0,0,0,0
706,Realme,9499,65.0,5000.0,,4,64,12.0,Android,6.52,,,1152000.0,13.0,2.0,2.0,2.0,Tiger,8.0,1.82,0,0,0
197,OnePlus,18999,81.0,5000.0,33.0,6,128,12.0,Android,6.59,120.0,Punch,2604960.0,50.0,2.0,2.0,2.0,Snapdragon,8.0,2.2,1,0,0
923,Xiaomi,26999,86.0,4500.0,120.0,8,128,11.0,Android,6.67,120.0,Punch,2592000.0,108.0,8.0,2.0,8.0,Dimensity,8.0,2.5,1,1,0
844,Xiaomi,10300,65.0,4100.0,,4,64,,Android,5.5,,,2073600.0,13.0,0.0,0.0,9.84963503649635,Snapdragon,8.0,2.0,0,0,0
512,OnePlus,69999,,4800.0,150.0,12,256,13.0,Android,6.73,144.0,Punch,4913280.0,108.0,50.0,48.0,50.0,Snapdragon,8.0,3.2,1,0,1
949,Xiaomi,54999,88.0,4780.0,30.0,8,256,,Android,6.67,90.0,Punch,2527200.0,108.0,0.0,0.0,9.84963503649635,Snapdragon,8.0,2.84,1,1,1
811,Vivo,19990,79.0,6000.0,18.0,8,128,11.0,Android,6.58,,,2600640.0,50.0,2.0,0.0,2.0,Dimensity,8.0,2.2,1,0,0
590,Xiaomi,12490,76.0,5000.0,18.0,4,128,11.0,Android,6.5,90.0,Punch,2592000.0,48.0,2.0,2.0,2.0,Dimensity,8.0,2.2,1,1,0
948,Realme,6490,61.0,5000.0,,2,32,10.0,Android,6.5,,,1152000.0,13.0,2.0,0.0,2.0,Helio,8.0,2.3,0,0,0
164,Vivo,41990,88.0,4810.0,120.0,8,128,13.0,Android,6.78,120.0,Punch,3528000.0,50.0,12.0,12.0,12.0,Dimensity,8.0,3.05,1,1,1
683,Xiaomi,29990,82.0,4300.0,67.0,6,128,12.0,Android,6.55,120.0,Punch,2592000.0,108.0,8.0,2.0,8.0,Snapdragon,8.0,2.4,1,0,1
154,Infinix,19499,85.0,5000.0,33.0,8,256,12.0,Android,6.78,120.0,Punch,2656800.0,50.0,2.0,2.0,2.0,Dimensity,8.0,2.6,1,0,0
668,iQOO,32990,84.0,5000.0,120.0,8,256,13.0,Android,6.78,120.0,Punch,2592000.0,50.0,8.0,2.0,8.0,Snapdragon,8.0,3.2,1,1,1
681,Nubia,49990,84.0,5000.0,80.0,8,128,12.0,Android,6.67,144.0,Punch,2592000.0,64.0,50.0,8.0,50.0,Snapdragon,8.0,3.0,1,0,1
733,Vivo,11000,68.0,5000.0,,3,64,,Android,6.35,,,1111680.0,13.0,8.0,2.0,8.0,Helio,8.0,2.0,0,0,0
111,Apple,51999,74.0,,,4,64,14.0,iOS,,,,,0.0,0.0,0.0,9.84963503649635,Bionic,6.0,3.1,1,0,1
230,OnePlus,65499,,5000.0,80.0,12,256,12.0,Android,6.7,120.0,Punch,4631040.0,50.0,48.0,8.0,48.0,Snapdragon,8.0,3.0,1,0,1
669,Samsung,14499,72.0,5000.0,15.0,4,128,12.0,Android,6.5,90.0,Water,1152000.0,50.0,2.0,2.0,2.0,Exynos,8.0,2.0,0,0,0
103,Realme,12999,80.0,5000.0,33.0,8,128,12.0,Android,6.6,90.0,Punch,2600640.0,50.0,0.0,0.0,9.84963503649635,Dimensity,8.0,2.4,1,0,0
428,Nokia,34999,76.0,6000.0,33.0,6,64,11.0,Android,6.81,,,2592000.0,108.0,0.0,0.0,9.84963503649635,Snapdragon,,,1,0,0
426,OPPO,14700,76.0,5000.0,18.0,6,128,11.0,Android,6.51,,,1152000.0,50.0,2.0,2.0,2.0,Helio,8.0,2.3,0,0,0
728,Vivo,27990,84.0,4500.0,33.0,8,256,,Android,6.44,,,2592000.0,48.0,0.0,0.0,9.84963503649635,Snapdragon,8.0,2.3,0,0,0
597,Apple,109900,77.0,3500.0,18.0,4,64,13.0,iOS,6.5,,,3338496.0,12.0,12.0,12.0,12.0,Bionic,6.0,2.65,0,0,1
943,Xiaomi,10990,69.0,5000.0,,6,128,10.0,Android,6.53,,,1152000.0,13.0,0.0,0.0,9.84963503649635,Helio,8.0,2.0,0,0,0
120,Motorola,34999,89.0,4800.0,68.0,8,128,12.0,Android,6.7,144.0,Punch,2592000.0,50.0,50.0,2.0,50.0,Snapdragon,8.0,3.0,1,0,1
53,Motorola,18999,83.0,5000.0,30.0,6,128,12.0,Android,6.6,120.0,Punch,2592000.0,50.0,8.0,2.0,8.0,Snapdragon,8.0,2.2,1,0,1
153,Oppo,30990,87.0,5000.0,67.0,8,128,12.0,Android,6.7,120.0,Water,2604960.0,108.0,2.0,0.0,2.0,Snapdragon,8.0,3.0,1,0,1
410,Oppo,21990,76.0,5000.0,33.0,6,128,12.0,Android,6.56,90.0,Water,1152000.0,48.0,2.0,0.0,2.0,Snapdragon,8.0,2.4,1,0,0
925,Apple,147900,84.0,3095.0,,6,1,,iOS,6.1,120.0,Notch,2962440.0,12.0,12.0,12.0,12.0,Bionic,6.0,3.22,1,0,1
211,Vivo,39999,86.0,4830.0,66.0,12,256,12.0,Android,6.56,120.0,Punch,2566080.0,64.0,8.0,2.0,8.0,Dimensity,8.0,3.0,1,0,0
824,Samsung,23999,83.0,7000.0,,6,128,11.0,Android,6.71,,,2592000.0,64.0,0.0,0.0,9.84963503649635,Exynos,8.0,2.73,0,0,1
885,Xiaomi,14439,77.0,5020.0,18.0,4,128,,Android,6.67,,,2592000.0,48.0,0.0,0.0,9.84963503649635,Snapdragon,8.0,2.3,0,1,0
8,Nothing,26749,85.0,4500.0,33.0,8,128,12.0,Android,6.55,120.0,Punch,2592000.0,50.0,50.0,0.0,50.0,Snapdragon,8.0,2.5,1,0,1
839,Motorola,11490,68.0,4000.0,10.0,4,64,,Android,6.2,,,1094400.0,13.0,2.0,2.0,2.0,Helio,8.0,2.0,0,0,0
36,Oppo,29990,87.0,5000.0,66.0,8,256,13.0,Android,6.67,120.0,Punch,2592000.0,108.0,13.0,2.0,13.0,Snapdragon,8.0,2.2,1,0,1
460,Xiaomi,199990,,4050.0,40.0,12,512,10.0,Android,7.92,,,4698000.0,108.0,20.0,12.0,20.0,Snapdragon,8.0,2.96,1,0,0
662,Xiaomi,23500,80.0,5000.0,33.0,6,128,10.0,Android,6.67,144.0,Punch,2592000.0,64.0,13.0,5.0,13.0,Snapdragon,8.0,2.84,1,0,1
257,Samsung,64449,87.0,4500.0,45.0,8,128,12.0,Android,6.6,120.0,Punch,2527200.0,50.0,12.0,10.0,12.0,Snapdragon,8.0,3.0,1,0,1
307,Apple,55999,75.0,,,4,128,14.0,iOS,,,,,0.0,0.0,0.0,9.84963503649635,Bionic,6.0,3.1,1,0,1
724,Poco,11499,75.0,6000.0,18.0,6,64,10.0,Android,6.53,,,2527200.0,48.0,2.0,2.0,2.0,Snapdragon,8.0,2.0,0,1,0
582,Realme,31994,83.0,5000.0,80.0,8,128,12.0,Android,6.7,120.0,Punch,2604960.0,50.0,8.0,2.0,8.0,Dimensity,8.0,2.85,1,0,1
634,Huawei,69990,,4400.0,66.0,8,128,,Harmony,6.76,90.0,Punch,3725568.0,50.0,20.0,12.0,20.0,Kirin,8.0,3.13,0,1,1
690,OPPO,134999,86.0,4000.0,45.0,8,256,11.0,Android,7.4,,,4608000.0,64.0,16.0,12.0,16.0,Snapdragon,8.0,2.84,0,0,0
700,Vivo,31990,86.0,4700.0,80.0,8,256,13.0,Android,6.67,120.0,Water,2600640.0,64.0,8.0,2.0,8.0,Snapdragon,8.0,2.7,1,0,0
266,OPPO,31994,87.0,4500.0,65.0,12,256,11.0,Android,6.55,90.0,Punch,2592000.0,50.0,8.0,2.0,8.0,Dimensity,8.0,3.0,1,0,1
621,Xiaomi,14999,77.0,5000.0,67.0,6,128,12.0,Android,6.67,120.0,Punch,2592000.0,50.0,8.0,2.0,8.0,Snapdragon,8.0,2.3,0,1,1
301,Xiaomi,25999,85.0,5080.0,67.0,8,256,12.0,Android,6.6,144.0,Punch,2656800.0,64.0,8.0,2.0,8.0,Dimensity,8.0,2.85,1,1,0
421,Motorola,41990,,4450.0,125.0,8,128,12.0,Android,6.67,144.0,Punch,2592000.0,200.0,50.0,12.0,50.0,Snapdragon,8.0,3.2,1,0,1
152,Apple,142990,79.0,4352.0,25.0,8,256,15.0,iOS,6.68,120.0,Punch,3566952.0,50.0,12.0,12.0,12.0,Bionic,,,1,0,1
768,Realme,16999,80.0,5000.0,18.0,6,128,11.0,Android,6.5,90.0,Punch,2592000.0,48.0,2.0,2.0,2.0,Dimensity,8.0,2.2,1,0,1
651,Xiaomi,13990,69.0,5000.0,18.0,4,128,11.0,Android,6.58,90.0,Punch,2600640.0,50.0,2.0,0.0,2.0,Dimensity,8.0,2.2,1,1,0
868,Sony,30990,78.0,4500.0,30.0,6,64,11.0,Android,6.0,,,2721600.0,12.0,8.0,8.0,8.0,Snapdragon,8.0,2.0,1,0,1
560,Samsung,24499,79.0,5000.0,15.0,6,128,11.0,Android,6.5,90.0,Water,1152000.0,48.0,0.0,0.0,9.84963503649635,Dimensity,8.0,2.0,1,0,1
772,Xiaomi,11499,74.0,6000.0,18.0,4,64,10.0,Android,6.53,,,2527200.0,48.0,0.0,0.0,9.84963503649635,Snapdragon,8.0,2.0,0,1,0
497,Xiaomi,11600,74.0,5000.0,18.0,4,64,12.0,Android,6.58,90.0,Water,2592000.0,50.0,2.0,2.0,2.0,Helio,8.0,2.2,0,1,0
149,Apple,40999,74.0,,,4,64,14.0,iOS,,,,,0.0,0.0,0.0,9.84963503649635,Bionic,6.0,3.1,1,0,1
148,Xiaomi,9589,71.0,6000.0,18.0,4,64,11.0,Android,6.7,,,1152000.0,50.0,2.0,0.0,2.0,Snapdragon,8.0,2.4,0,0,0
804,Poco,19999,72.0,5000.0,,6,128,12.0,Android,6.67,120.0,Punch,2592000.0,64.0,0.0,0.0,9.84963503649635,Snapdragon,8.0,,1,0,0
909,Motorola,59990,,4450.0,125.0,8,128,12.0,Android,6.67,144.0,Punch,2527200.0,200.0,50.0,12.0,50.0,Snapdragon,8.0,3.2,1,0,1
718,Xiaomi,27990,83.0,5500.0,67.0,8,128,12.0,Android,6.67,120.0,Punch,4608000.0,48.0,8.0,2.0,8.0,Dimensity,8.0,2.85,1,1,1
670,Vivo,13999,70.0,5000.0,15.0,4,128,13.0,Android,6.51,,,1152000.0,13.0,2.0,0.0,2.0,Dimensity,8.0,2.2,1,0,0
354,Xiaomi,38999,85.0,5000.0,120.0,8,128,13.0,Android,6.67,120.0,Punch,4608000.0,54.0,8.0,2.0,8.0,Snapdragon,8.0,3.2,1,1,1
471,Samsung,12364,76.0,6000.0,15.0,4,64,11.0,Android,6.4,90.0,Water,2592000.0,64.0,0.0,0.0,9.84963503649635,Helio,8.0,2.0,0,0,0
331,OPPO,19990,82.0,4500.0,33.0,8,128,12.0,Android,6.5,90.0,Punch,2592000.0,64.0,2.0,2.0,2.0,Snapdragon,8.0,2.2,1,0,0
189,LeEco,10999,65.0,5000.0,10.0,8,128,11.0,Android,6.5,,,1152000.0,13.0,0.0,0.0,9.84963503649635,Tiger,4.0,1.8,0,0,0
124,Samsung,19499,84.0,6000.0,25.0,8,128,12.0,Android,6.6,120.0,Water,2592000.0,50.0,0.0,0.0,9.84963503649635,Exynos,8.0,2.4,1,0,1
833,Vivo,8199,,4030.0,,2,32,,Android,6.22,,,1094400.0,13.0,0.0,0.0,9.84963503649635,Helio,8.0,2.0,0,0,0
619,Samsung,86000,87.0,4300.0,25.0,8,256,10.0,Android,6.7,,,2592000.0,64.0,12.0,12.0,12.0,Exynos,8.0,2.73,0,0,1
145,Samsung,8499,68.0,5000.0,15.0,4,64,12.0,Android,6.5,,,1152000.0,13.0,2.0,0.0,2.0,Helio,8.0,2.3,0,0,0
938,Realme,30994,85.0,4500.0,65.0,8,128,11.0,Android,6.43,120.0,Punch,2592000.0,64.0,8.0,2.0,8.0,Snapdragon,8.0,2.84,1,0,1
200,OPPO,17999,76.0,5000.0,33.0,8,128,12.0,Android,6.56,90.0,Water,1152000.0,50.0,2.0,0.0,2.0,Snapdragon,8.0,2.4,0,0,0
620,Samsung,11999,71.0,5000.0,15.0,4,64,10.0,Android,6.5,,,1123200.0,48.0,0.0,0.0,9.84963503649635,Helio,8.0,2.3,0,0,0
283,Xiaomi,12999,75.0,5000.0,18.0,4,64,11.0,Android,6.5,90.0,Punch,2592000.0,48.0,2.0,2.0,2.0,Dimensity,8.0,2.2,1,1,0
297,OPPO,25895,82.0,4500.0,33.0,8,128,12.0,Android,6.43,,,2592000.0,64.0,2.0,2.0,2.0,Snapdragon,8.0,2.2,1,0,0
407,OPPO,36760,87.0,4500.0,65.0,12,256,11.0,Android,6.55,90.0,Punch,2592000.0,64.0,0.0,0.0,9.84963503649635,Dimensity,8.0,3.0,1,0,1
123,Infinix,18999,84.0,5000.0,33.0,8,128,12.0,Android,6.7,,,2592000.0,108.0,2.0,2.0,2.0,Dimensity,8.0,2.4,1,0,0
185,Realme,14499,79.0,5000.0,33.0,8,128,12.0,Android,6.6,90.0,Water,2600640.0,50.0,2.0,0.0,2.0,Dimensity,8.0,2.2,1,0,0
206,Nothing,35999,87.0,4500.0,33.0,12,256,12.0,Android,6.55,120.0,Punch,2592000.0,50.0,50.0,0.0,50.0,Snapdragon,8.0,2.5,1,0,1
446,Apple,130990,75.0,,120.0,8,128,15.0,iOS,,,,,0.0,0.0,0.0,9.84963503649635,Bionic,,,1,0,1
250,Motorola,9999,75.0,5000.0,20.0,4,64,11.0,Android,6.47,,,2592000.0,50.0,8.0,2.0,8.0,Helio,8.0,2.0,0,0,0
422,Xiaomi,69990,,4860.0,67.0,8,256,12.0,Android,6.73,120.0,Punch,4608000.0,50.0,48.0,48.0,48.0,Snapdragon,8.0,3.2,1,1,1
744,Motorola,16999,76.0,5000.0,33.0,4,64,12.0,Android,6.6,90.0,Punch,2656800.0,50.0,8.0,2.0,8.0,Snapdragon,8.0,2.2,1,0,1
747,Realme,46999,89.0,5000.0,65.0,12,256,12.0,Android,6.7,120.0,Punch,4631040.0,50.0,50.0,2.0,50.0,Snapdragon,8.0,3.0,1,0,1
867,Realme,31999,82.0,5000.0,65.0,8,128,11.0,Android,6.62,120.0,Punch,2592000.0,64.0,8.0,2.0,8.0,Snapdragon,8.0,3.2,1,0,1
130,Xiaomi,13466,74.0,5000.0,18.0,4,64,12.0,Android,6.58,90.0,Water,2600640.0,50.0,2.0,0.0,2.0,Dimensity,8.0,2.2,1,1,0
648,Realme,13499,75.0,5000.0,33.0,4,64,11.0,Android,6.6,90.0,Punch,2592000.0,48.0,2.0,2.0,2.0,Dimensity,8.0,2.4,1,0,0
409,Asus,75990,87.0,6000.0,120.0,18,256,13.0,Android,6.8,165.0,,2643840.0,64.0,16.0,8.0,16.0,Snapdragon,8.0,3.2,1,0,1
764,Samsung,8499,67.0,5000.0,15.0,3,32,11.0,Android,6.5,,,1152000.0,13.0,2.0,2.0,2.0,Helio,8.0,2.3,0,0,0
749,Honor,16999,76.0,4000.0,,6,128,11.0,Android,6.7,90.0,Punch,2579040.0,64.0,0.0,0.0,9.84963503649635,Snapdragon,8.0,2.4,0,0,0
930,Oppo,22990,80.0,4000.0,18.0,6,128,11.0,Android,6.5,90.0,Punch,2592000.0,64.0,0.0,0.0,9.84963503649635,Snapdragon,8.0,2.4,1,0,0
223,Motorola,24999,85.0,4020.0,33.0,8,128,12.0,Android,6.5,144.0,Punch,2592000.0,50.0,50.0,2.0,50.0,Snapdragon,8.0,2.5,1,0,1
652,Honor,94990,,4600.0,120.0,12,512,12.0,Android,6.76,120.0,Punch,3725568.0,50.0,0.0,0.0,9.84963503649635,Snapdragon,8.0,3.0,1,0,1
894,Apple,84990,75.0,4532.0,,8,128,16.0,iOS,6.71,120.0,Notch,3566952.0,12.0,12.0,0.0,12.0,Bionic,6.0,,1,0,1
870,Tecno,10999,74.0,7000.0,18.0,4,64,11.0,Android,6.95,,,2656800.0,48.0,0.0,0.0,9.84963503649635,Helio,8.0,2.0,0,0,0
890,Xiaomi,16999,78.0,4500.0,18.0,6,64,,Android,6.53,,,2527200.0,64.0,0.0,0.0,9.84963503649635,Helio,8.0,2.05,0,1,0
898,OPPO,32990,84.0,4500.0,80.0,8,128,12.0,Android,6.43,90.0,Punch,2592000.0,50.0,8.0,2.0,8.0,Dimensity,8.0,3.0,1,0,1
635,Micromax,6999,66.0,5000.0,,4,64,11.0,Android,6.52,,,1152000.0,13.0,2.0,0.0,2.0,Unisoc,8.0,1.8,0,0,0
819,CAT,14999,,2000.0,,2,16,,,4.0,,,307200.0,0.0,0.0,0.0,9.84963503649635,Snapdragon,4.0,1.3,0,0,0
826,Apple,119900,80.0,,,6,256,,iOS,,,,,0.0,0.0,0.0,9.84963503649635,Bionic,6.0,3.1,1,0,1
392,Samsung,12120,75.0,6000.0,15.0,4,64,11.0,Android,6.4,90.0,Water,2592000.0,64.0,0.0,0.0,9.84963503649635,Helio,8.0,2.0,0,0,0
951,OnePlus,24999,79.0,4300.0,30.0,8,128,10.0,Android,6.55,90.0,Punch,2592000.0,64.0,16.0,2.0,16.0,Snapdragon,8.0,2.4,0,0,0
518,OPPO,16490,73.0,5000.0,33.0,6,128,11.0,Android,6.56,90.0,Punch,1160640.0,13.0,2.0,0.0,2.0,Snapdragon,8.0,2.4,0,0,0
271,Nokia,6199,,1500.0,,512,4,,,2.8,,,76800.0,0.0,0.0,0.0,9.84963503649635,Snapdragon,2.0,1.1,0,0,0
798,Xiaomi,39999,85.0,5000.0,120.0,8,128,12.0,Android,6.67,144.0,Punch,3308640.0,108.0,8.0,2.0,8.0,Snapdragon,8.0,3.2,1,1,1
449,Vivo,54999,86.0,4500.0,80.0,8,128,12.0,Android,6.78,120.0,Punch,2592000.0,50.0,12.0,12.0,12.0,Dimensity,8.0,3.05,1,0,0
505,Realme,15499,77.0,5000.0,33.0,6,128,11.0,Android,6.6,120.0,Punch,2604960.0,50.0,2.0,2.0,2.0,Helio,8.0,2.0,0,0,0
112,Xiaomi,22999,82.0,5080.0,67.0,6,128,12.0,Android,6.6,144.0,Punch,2656800.0,64.0,8.0,2.0,8.0,Dimensity,8.0,2.85,1,1,0
702,Asus,107990,,6000.0,65.0,16,512,,,6.78,165.0,,2643840.0,0.0,0.0,0.0,9.84963503649635,Dimensity,8.0,3.2,1,0,1
236,Xiaomi,106990,,4500.0,67.0,12,256,12.0,Android,8.02,120.0,Punch,4134240.0,50.0,13.0,8.0,13.0,Snapdragon,8.0,3.2,1,1,1
850,Nokia,41990,85.0,4200.0,33.0,6,128,12.0,Android,6.43,90.0,Punch,2592000.0,50.0,13.0,0.0,13.0,Snapdragon,8.0,2.2,1,0,1
618,Motorola,57999,89.0,5000.0,18.0,12,256,,Android,6.7,90.0,Punch,2527200.0,108.0,16.0,8.0,16.0,Snapdragon,8.0,2.84,1,0,1
682,Nokia,11999,71.0,5050.0,18.0,4,64,11.0,Android,6.5,90.0,Water,1152000.0,50.0,2.0,2.0,2.0,Unisoc,8.0,1.6,0,0,0
379,Samsung,48900,88.0,4000.0,25.0,8,128,10.0,Android,6.2,120.0,Punch,2592000.0,64.0,12.0,12.0,12.0,Exynos,8.0,2.9,1,0,1
961,Blackview,8990,67.0,5180.0,10.0,4,64,12.0,Android,6.1,,,1123200.0,13.0,0.0,0.0,9.84963503649635,Helio,8.0,2.3,1,0,1
823,Lenovo,59999,89.0,5000.0,120.0,16,512,10.0,Android,6.5,144.0,,2592000.0,64.0,16.0,0.0,16.0,Snapdragon,8.0,2.84,1,0,1
237,Vivo,10499,66.0,5000.0,10.0,3,64,12.0,Android,6.51,,,1152000.0,13.0,2.0,0.0,2.0,Helio,8.0,2.3,0,0,0
765,OPPO,11990,71.0,5000.0,,4,128,10.0,Android,6.51,,,1152000.0,13.0,2.0,2.0,2.0,Helio,8.0,2.3,0,0,0
687,OPPO,15988,79.0,5000.0,33.0,6,128,11.0,Android,6.43,,,2592000.0,48.0,2.0,2.0,2.0,Snapdragon,8.0,2.0,0,0,0
323,Apple,84999,83.0,4325.0,,6,256,16.0,iOS,6.7,,,3566952.0,12.0,12.0,0.0,12.0,Bionic,6.0,3.22,1,0,1
659,Xiaomi,25990,83.0,4520.0,33.0,8,128,11.0,Android,6.67,120.0,Punch,2592000.0,48.0,8.0,5.0,8.0,Snapdragon,8.0,3.2,1,1,0
417,Xiaomi,10850,70.0,5000.0,,6,128,11.0,Android,6.53,,,1152000.0,13.0,0.0,0.0,9.84963503649635,Helio,8.0,2.0,0,0,0
978,Honor,14990,75.0,5000.0,,6,128,11.0,Android,6.5,,,1152000.0,48.0,2.0,0.0,2.0,Snapdragon,8.0,2.2,1,0,0
720,Realme,14999,80.0,5000.0,30.0,6,128,11.0,Android,6.5,120.0,Punch,2592000.0,48.0,8.0,2.0,8.0,Snapdragon,8.0,2.2,1,0,0
364,Samsung,119990,85.0,5100.0,45.0,12,256,13.0,Android,6.83,144.0,Punch,3432000.0,200.0,0.0,0.0,9.84963503649635,Snapdragon,8.0,,1,0,0
262,POCO,6499,65.0,5000.0,,3,32,10.0,Android,6.53,,,1152000.0,13.0,2.0,2.0,2.0,Helio,8.0,2.3,0,0,0
757,Xiaomi,6499,61.0,5000.0,,2,32,11.0,Android,6.53,,,1152000.0,13.0,0.0,0.0,9.84963503649635,Helio,8.0,2.0,0,0,0
638,Realme,16499,75.0,5000.0,18.0,4,128,11.0,Android,6.5,90.0,Punch,2592000.0,48.0,2.0,2.0,2.0,Dimensity,8.0,2.2,1,0,0
643,OnePlus,34999,76.0,5000.0,120.0,8,128,13.0,Android,6.57,120.0,Punch,2592000.0,64.0,12.0,5.0,12.0,Dimensity,8.0,,1,0,1
286,Xiaomi,26999,82.0,5000.0,67.0,8,128,12.0,Android,6.67,120.0,Punch,2592000.0,50.0,8.0,2.0,8.0,Dimensity,8.0,2.6,1,1,0
382,Letv,6999,,4000.0,,4,32,11.0,Android,6.5,,,1123200.0,13.0,0.0,0.0,9.84963503649635,Unisoc,8.0,,0,0,0
390,OPPO,14990,78.0,5000.0,33.0,6,128,11.0,Android,6.4,,,2592000.0,48.0,8.0,2.0,8.0,Snapdragon,8.0,2.0,0,0,0
228,Realme,24999,79.0,5000.0,80.0,6,128,12.0,Android,6.62,120.0,Punch,2592000.0,64.0,8.0,2.0,8.0,Snapdragon,8.0,3.2,1,0,0
933,OPPO,14999,74.0,5000.0,,6,128,10.0,Android,6.51,,,1152000.0,13.0,2.0,2.0,2.0,Helio,8.0,2.3,0,0,0
832,Sony,27999,75.0,3600.0,18.0,4,128,,Android,6.0,90.0,,2721600.0,12.0,8.0,8.0,8.0,Snapdragon,8.0,2.0,0,0,1
480,Samsung,21999,84.0,7000.0,33.0,6,128,12.0,Android,6.7,,,2592000.0,64.0,0.0,0.0,9.84963503649635,Dimensity,8.0,2.0,1,0,1
353,Vivo,18000,62.0,4030.0,,4,32,,Android,6.2,,,1094400.0,13.0,2.0,0.0,2.0,Helio,8.0,2.0,0,0,0
514,Samsung,10630,71.0,6000.0,15.0,4,64,12.0,Android,6.6,,,2592000.0,50.0,5.0,2.0,5.0,Exynos,8.0,2.0,0,0,0
650,OPPO,17999,80.0,5000.0,33.0,8,128,11.0,Android,6.59,90.0,Punch,2604960.0,50.0,2.0,0.0,2.0,Snapdragon,8.0,2.4,0,0,0
968,Oukitel,25899,72.0,8000.0,,6,128,10.0,Android,5.86,,,1094400.0,16.0,13.0,13.0,13.0,Helio,8.0,2.0,0,0,1
907,Samsung,163980,,4400.0,25.0,12,1,12.0,Android,7.6,120.0,Punch,3942912.0,50.0,12.0,10.0,12.0,Snapdragon,8.0,3.2,1,0,1
884,OPPO,9999,66.0,4230.0,,3,32,,Android,6.52,,,1152000.0,13.0,2.0,2.0,2.0,Helio,8.0,2.3,0,0,0
630,Xiaomi,38999,88.0,5000.0,120.0,12,256,11.0,Android,6.67,120.0,Punch,2592000.0,108.0,8.0,5.0,8.0,Snapdragon,8.0,2.84,1,1,1
835,Vivo,20000,73.0,5000.0,18.0,4,128,,Android,6.53,,,2527200.0,16.0,8.0,2.0,8.0,Helio,8.0,2.0,0,0,0
656,Samsung,13999,75.0,5000.0,15.0,6,128,10.0,Android,6.5,,,1123200.0,48.0,0.0,0.0,9.84963503649635,Helio,8.0,2.3,0,0,0
827,Xiaomi,9299,67.0,5000.0,10.0,4,128,10.0,Android,6.53,,,1152000.0,13.0,0.0,0.0,9.84963503649635,Helio,8.0,2.0,0,0,0
566,Vivo,25000,,3360.0,,3,16,,Android,6.0,,,1036800.0,13.0,0.0,0.0,9.84963503649635,Snapdragon,4.0,1.4,0,0,0
937,Samsung,18499,76.0,5000.0,15.0,6,128,11.0,Android,6.4,,,1152000.0,48.0,0.0,0.0,9.84963503649635,Helio,8.0,2.0,0,0,0
588,Jio,7499,,3000.0,,3,32,,Pragati,5.5,,,1036800.0,13.0,0.0,0.0,9.84963503649635,Snapdragon,4.0,1.3,0,0,0
85,Motorola,22999,83.0,4020.0,33.0,6,128,12.0,Android,6.5,144.0,Punch,2592000.0,50.0,50.0,2.0,50.0,Snapdragon,8.0,2.5,1,0,1
246,OPPO,21899,82.0,4500.0,33.0,8,128,12.0,Android,6.43,90.0,Punch,2592000.0,64.0,2.0,2.0,2.0,Snapdragon,8.0,2.4,0,0,0
709,Apple,82990,72.0,3285.0,,6,128,15.0,iOS,6.06,,,2962440.0,50.0,13.0,0.0,13.0,Bionic,,,0,0,1
161,Cola,14999,74.0,5000.0,33.0,4,64,12.0,Android,6.4,90.0,Punch,2592000.0,50.0,2.0,0.0,2.0,Helio,8.0,2.2,0,0,0
534,ZTE,61990,89.0,5000.0,65.0,8,128,12.0,Android,6.8,120.0,,2767680.0,64.0,64.0,64.0,64.0,Snapdragon,8.0,3.0,1,0,1
35,Samsung,39999,87.0,4500.0,25.0,8,128,11.0,Android,6.4,120.0,Punch,2527200.0,12.0,12.0,8.0,12.0,Exynos,8.0,2.9,1,0,1
550,Xiaomi,25999,83.0,5500.0,67.0,8,128,12.0,Android,6.67,120.0,Punch,4608000.0,48.0,8.0,2.0,8.0,Dimensity,8.0,3.1,1,1,1
172,Realme,20490,81.0,5000.0,33.0,6,128,12.0,Android,6.4,90.0,Punch,2592000.0,48.0,8.0,2.0,8.0,Dimensity,8.0,2.5,1,0,0
665,LG,79990,,5000.0,,8,128,,,6.8,,,2656800.0,0.0,0.0,0.0,9.84963503649635,Snapdragon,8.0,2.84,1,0,1
869,Realme,7999,64.0,6000.0,,3,32,11.0,Android,6.52,,,1152000.0,13.0,2.0,2.0,2.0,Helio,8.0,2.3,0,0,0
889,Xiaomi,480000,88.0,4000.0,27.0,8,256,,Android,6.39,,,2527200.0,48.0,13.0,8.0,13.0,Snapdragon,8.0,2.8,0,0,1
920,Tecno,7399,62.0,5000.0,,3,64,11.0,Android,6.6,90.0,Water,1160640.0,13.0,0.0,0.0,9.84963503649635,Unisoc,8.0,2.0,0,0,0
924,Samsung,22999,82.0,5000.0,15.0,8,128,11.0,Android,6.6,90.0,Water,2600640.0,64.0,5.0,2.0,5.0,Dimensity,8.0,2.2,1,0,0
745,Motorola,34999,86.0,4200.0,67.0,8,128,12.0,Android,6.5,144.0,,2604960.0,50.0,50.0,2.0,50.0,Snapdragon,8.0,2.36,1,0,1
95,Realme,12499,75.0,5000.0,33.0,4,64,11.0,Android,6.6,90.0,Punch,2604960.0,50.0,2.0,2.0,2.0,Snapdragon,8.0,2.4,0,0,0
573,OPPO,15998,71.0,5000.0,33.0,4,128,12.0,Android,6.56,,,1152000.0,50.0,0.0,0.0,9.84963503649635,Helio,8.0,2.3,0,0,0
244,Google,53100,86.0,4355.0,30.0,8,128,13.0,Android,6.3,90.0,Punch,2592000.0,50.0,12.0,0.0,12.0,Google,8.0,2.85,1,0,1
754,Oppo,79990,,5000.0,80.0,8,256,12.0,Android,6.7,120.0,Punch,4631040.0,50.0,50.0,13.0,50.0,Snapdragon,8.0,3.0,1,0,1
585,iQOO,59990,88.0,4700.0,120.0,8,256,12.0,Android,6.78,120.0,Punch,4608000.0,50.0,50.0,16.0,50.0,Snapdragon,8.0,3.0,1,0,1
701,Vivo,29999,86.0,4000.0,33.0,8,128,12.0,Android,6.44,90.0,Water,2592000.0,64.0,8.0,2.0,8.0,Dimensity,8.0,2.4,1,0,1
468,Xiaomi,22999,86.0,4250.0,33.0,8,128,11.0,Android,6.55,90.0,Punch,2592000.0,64.0,8.0,5.0,8.0,Snapdragon,8.0,2.4,1,1,1
563,LG,54999,89.0,4000.0,,8,128,,,6.8,,,2656800.0,0.0,0.0,0.0,9.84963503649635,Snapdragon,8.0,2.4,1,0,1
858,Realme,11879,74.0,5000.0,18.0,4,128,11.0,Android,6.6,,,2600640.0,50.0,2.0,2.0,2.0,Tiger,8.0,1.82,0,0,0
210,Apple,139990,77.0,4323.0,,6,256,16.0,iOS,6.7,120.0,,3606840.0,48.0,12.0,12.0,12.0,Bionic,6.0,,1,0,1
398,itel,6490,,5000.0,,1,16,,Android,6.5,,,1152000.0,8.0,0.0,0.0,9.84963503649635,Spreadtrum,4.0,1.3,0,0,0
810,Realme,11399,73.0,5000.0,18.0,4,64,11.0,Android,6.6,,,2600640.0,50.0,3.0,2.0,3.0,Tiger,8.0,1.82,0,0,0
404,Realme,13999,75.0,5000.0,33.0,4,128,11.0,Android,6.6,90.0,Punch,2604960.0,50.0,2.0,2.0,2.0,Snapdragon,8.0,2.4,0,0,0
780,Vivo,15000,65.0,4030.0,,4,64,,Android,6.22,,,1094400.0,13.0,2.0,0.0,2.0,Snapdragon,8.0,1.95,0,0,0
829,Samsung,4999,,3000.0,,1,16,10.0,Android,5.3,,,1065600.0,8.0,0.0,0.0,9.84963503649635,Exynos,4.0,1.5,0,0,0
221,Realme,25900,78.0,4500.0,60.0,6,128,12.0,Android,6.4,90.0,Punch,2592000.0,50.0,8.0,2.0,8.0,Dimensity,8.0,2.5,1,0,0
4,Realme,24999,82.0,5000.0,67.0,6,128,13.0,Android,6.7,120.0,Punch,2604960.0,108.0,8.0,2.0,8.0,Dimensity,8.0,2.6,1,0,0
782,Samsung,34999,78.0,3500.0,,6,128,,Android,6.2,,,4262400.0,12.0,12.0,0.0,12.0,Exynos,8.0,2.8,0,0,1
653,Tecno,8968,72.0,5000.0,18.0,4,64,12.0,Android,6.6,,,2600640.0,50.0,2.0,0.0,2.0,Helio,8.0,2.3,0,0,0
876,Itel,3999,,2400.0,,1,8,10.0,Android,5.0,,,409920.0,5.0,0.0,0.0,9.84963503649635,Spreadtrum,4.0,1.4,0,0,0
623,Realme,8990,62.0,5000.0,10.0,4,64,12.0,Android,6.5,,,1152000.0,8.0,0.0,0.0,9.84963503649635,Unisoc,8.0,1.6,0,0,0
750,Samsung,11499,69.0,5000.0,15.0,4,64,11.0,Android,6.5,,,1123200.0,48.0,2.0,0.0,2.0,Unisoc,8.0,1.6,0,0,0
556,POCO,13999,81.0,5000.0,33.0,8,128,11.0,Android,6.43,90.0,Punch,2592000.0,64.0,8.0,2.0,8.0,Helio,8.0,2.05,0,1,0
737,Xiaomi,54990,86.0,5000.0,67.0,8,128,13.0,Android,6.73,120.0,Punch,4608000.0,50.0,8.0,2.0,8.0,Snapdragon,8.0,3.2,1,1,1
694,OPPO,18990,83.0,4015.0,30.0,8,128,10.0,Android,6.43,,,2592000.0,48.0,0.0,0.0,9.84963503649635,Helio,8.0,2.2,0,0,0
98,Vivo,106990,,4600.0,66.0,12,256,12.0,Android,8.03,120.0,,4138560.0,50.0,0.0,0.0,9.84963503649635,Snapdragon,8.0,3.0,1,0,1
820,Xiaomi,18699,82.0,4250.0,33.0,8,128,11.0,Android,6.55,90.0,Punch,2592000.0,64.0,8.0,5.0,8.0,Snapdragon,8.0,2.3,0,1,0
739,Honor,54990,,4500.0,100.0,12,256,12.0,Android,6.78,120.0,Punch,3182400.0,200.0,50.0,8.0,50.0,Snapdragon,8.0,3.0,1,0,1
584,iQOO,22990,83.0,4700.0,80.0,8,128,12.0,Android,6.62,120.0,Punch,2592000.0,64.0,12.0,2.0,12.0,Snapdragon,8.0,3.2,1,0,0
413,OnePlus,16990,75.0,5000.0,18.0,4,64,11.0,Android,6.49,90.0,Punch,2592000.0,13.0,2.0,2.0,2.0,Snapdragon,8.0,2.0,1,0,1
511,Google,36000,82.0,4080.0,18.0,8,128,11.0,Android,6.0,90.0,Punch,2527200.0,16.0,0.0,0.0,9.84963503649635,Snapdragon,8.0,2.4,1,0,1
47,Realme,8950,64.0,5000.0,,3,32,12.0,Android,6.5,,,1152000.0,50.0,0.0,0.0,9.84963503649635,Unisoc,8.0,1.8,0,0,0
32,Vivo,27990,83.0,4700.0,67.0,8,256,13.0,Android,6.56,120.0,Punch,2592000.0,64.0,13.0,2.0,13.0,Dimensity,8.0,2.2,1,0,0
793,Xiaomi,13774,76.0,5000.0,18.0,6,128,12.0,Android,6.58,90.0,Water,2592000.0,50.0,2.0,2.0,2.0,Helio,8.0,2.2,0,1,0
204,Motorola,12999,79.0,5000.0,33.0,6,128,12.0,Android,6.6,90.0,Punch,2656800.0,50.0,8.0,2.0,8.0,Snapdragon,8.0,2.4,0,0,1
135,Xiaomi,22999,87.0,5000.0,67.0,8,256,11.0,Android,6.67,120.0,Punch,2592000.0,108.0,8.0,2.0,8.0,Bionic,8.0,2.2,1,1,0
27,Apple,129990,76.0,4323.0,,6,128,16.0,iOS,6.7,120.0,,3606840.0,48.0,12.0,12.0,12.0,Bionic,6.0,,1,0,1
860,iQOO,39990,85.0,4350.0,120.0,12,256,12.0,Android,6.56,120.0,Punch,2566080.0,48.0,13.0,13.0,13.0,Snapdragon,8.0,2.9,1,0,0
234,OPPO,18990,76.0,5000.0,33.0,6,128,12.0,Android,6.56,90.0,Water,1160640.0,50.0,2.0,0.0,2.0,Dimensity,8.0,2.2,1,0,0
498,Realme,8299,62.0,5000.0,,3,32,11.0,Android,6.52,,,1152000.0,13.0,2.0,2.0,2.0,Tiger,8.0,1.82,0,0,0
786,Leitz,124990,89.0,5000.0,,12,256,12.0,Android,6.6,240.0,Punch,3439800.0,0.0,0.0,0.0,9.84963503649635,Snapdragon,8.0,3.0,1,0,1
384,iQOO,18498,82.0,5000.0,18.0,8,128,12.0,Android,6.58,120.0,Water,2600640.0,50.0,2.0,2.0,2.0,Snapdragon,8.0,2.2,1,0,0
292,Poco,15999,82.0,5000.0,33.0,8,128,11.0,Android,6.6,90.0,Punch,2592000.0,50.0,8.0,0.0,8.0,Dimensity,8.0,2.4,1,1,0
425,Vivo,36994,87.0,4300.0,44.0,12,256,12.0,Android,6.56,90.0,Notch,2566080.0,108.0,8.0,2.0,8.0,Dimensity,8.0,3.0,1,0,0
685,Apple,139900,84.0,4352.0,,6,256,15.0,iOS,6.7,120.0,Notch,3566952.0,12.0,12.0,12.0,12.0,Bionic,6.0,3.22,1,0,1
397,Xiaomi,14990,77.0,5000.0,33.0,4,128,11.0,Android,6.6,90.0,Punch,2592000.0,50.0,8.0,0.0,8.0,Dimensity,8.0,2.4,1,1,0
603,Vivo,28990,84.0,5000.0,80.0,8,256,13.0,Android,6.7,120.0,Water,2592000.0,108.0,13.0,2.0,13.0,Snapdragon,8.0,2.2,1,0,0
507,Samsung,14490,80.0,6000.0,15.0,6,128,11.0,Android,6.4,90.0,Water,2592000.0,64.0,0.0,0.0,9.84963503649635,Helio,8.0,2.0,0,0,0
139,iQOO,28999,82.0,4700.0,80.0,8,128,12.0,Android,6.62,120.0,Punch,2592000.0,64.0,8.0,2.0,8.0,Snapdragon,8.0,3.2,1,1,0
62,Samsung,18499,79.0,5000.0,25.0,6,128,12.0,Android,6.6,,,2600640.0,50.0,0.0,0.0,9.84963503649635,Snapdragon,8.0,2.4,0,0,0
479,Vivo,113990,,4730.0,80.0,12,256,12.0,Android,8.03,120.0,Punch,4138560.0,50.0,0.0,0.0,9.84963503649635,Snapdragon,8.0,3.2,1,0,1
658,Xiaomi,16999,83.0,5000.0,67.0,6,128,11.0,Android,6.6,120.0,Punch,2592000.0,64.0,8.0,2.0,8.0,Dimensity,8.0,2.6,1,1,1
129,Google,34990,69.0,4410.0,,6,128,12.0,Android,6.1,90.0,Punch,2592000.0,0.0,12.0,0.0,12.0,Google,8.0,,1,0,1
956,Huawei,169000,,4500.0,55.0,8,512,,,8.0,,,5456000.0,0.0,0.0,0.0,9.84963503649635,Kirin,8.0,2.86,1,1,1
530,Nokia,9499,62.0,5050.0,10.0,3,32,12.0,Android,6.74,,,1152000.0,13.0,2.0,2.0,2.0,Unisoc,8.0,1.6,0,0,0
855,Samsung,47990,80.0,5000.0,,8,128,12.0,Android,6.7,,,2592000.0,48.0,12.0,5.0,12.0,Dimensity,8.0,3.0,1,0,0
64,Poco,14999,81.0,5000.0,33.0,6,128,11.0,Android,6.6,90.0,Punch,2592000.0,50.0,8.0,0.0,8.0,Dimensity,8.0,2.4,1,1,0
828,Realme,12989,77.0,4300.0,30.0,6,64,10.0,Android,6.5,90.0,Punch,2592000.0,64.0,0.0,0.0,9.84963503649635,Helio,8.0,2.05,0,0,0
14,Samsung,114990,,5000.0,45.0,8,256,13.0,Android,6.8,120.0,Punch,4446720.0,200.0,0.0,0.0,9.84963503649635,Snapdragon,8.0,3.2,1,0,1
158,Realme,28999,82.0,5000.0,65.0,6,128,12.0,Android,6.4,120.0,Punch,2592000.0,64.0,8.0,2.0,8.0,Snapdragon,8.0,3.0,1,0,0
40,OnePlus,21999,83.0,5000.0,67.0,6,128,12.0,Android,6.7,120.0,Punch,2604960.0,108.0,2.0,2.0,2.0,Snapdragon,8.0,2.2,1,0,1
501,OnePlus,27999,77.0,3300.0,,8,128,,Android,6.28,,,2462400.0,20.0,16.0,0.0,16.0,Snapdragon,8.0,2.8,0,0,1
385,Vivo,23999,81.0,4700.0,66.0,6,128,12.0,Android,6.44,90.0,Water,2596320.0,64.0,8.0,2.0,8.0,Snapdragon,8.0,2.4,1,0,0
190,Realme,3499,63.0,4000.0,,3,32,,Android,6.1,,,1123200.0,13.0,2.0,0.0,2.0,Helio,8.0,2.0,0,0,0
777,Huawei,82990,,4200.0,40.0,8,256,,Android,6.58,90.0,Punch,3168000.0,50.0,0.0,0.0,9.84963503649635,Kirin,8.0,2.86,1,0,1
220,Xiaomi,29990,84.0,5500.0,67.0,8,128,13.0,Android,6.67,120.0,Punch,4608000.0,64.0,8.0,2.0,8.0,Snapdragon,8.0,3.2,1,1,1
807,Vivo,29990,76.0,4500.0,67.0,8,128,12.0,Android,6.44,90.0,Water,2600640.0,50.0,8.0,2.0,8.0,Snapdragon,8.0,,1,0,0
52,Jio,11990,64.0,5000.0,18.0,4,32,12.0,Android,6.5,90.0,,1152000.0,13.0,0.0,0.0,9.84963503649635,Snapdragon,8.0,2.2,1,0,0
343,Samsung,11999,71.0,5000.0,,4,64,12.0,Android,6.5,,,1152000.0,50.0,2.0,0.0,2.0,Helio,8.0,2.3,0,0,0
761,Samsung,13499,76.0,6000.0,,6,128,11.0,Android,6.4,90.0,Water,1152000.0,48.0,0.0,0.0,9.84963503649635,Helio,8.0,2.0,0,0,0
730,Vivo,9990,72.0,5000.0,18.0,4,64,,Android,6.53,,,2527200.0,16.0,8.0,2.0,8.0,Snapdragon,8.0,2.0,0,0,0
735,Poco,7299,61.0,5000.0,10.0,3,32,12.0,Android,6.52,,,1152000.0,8.0,0.0,0.0,9.84963503649635,Helio,4.0,2.0,0,0,0
299,Xiaomi,7499,64.0,5000.0,,3,32,11.0,Android,6.53,,,1152000.0,13.0,0.0,0.0,9.84963503649635,Helio,8.0,2.0,0,0,0
712,Oppo,17990,73.0,5000.0,,6,128,11.0,Android,6.5,,,1152000.0,13.0,2.0,0.0,2.0,Dimensity,8.0,2.2,1,0,0
255,OPPO,20990,84.0,4800.0,67.0,8,128,13.0,Android,6.7,120.0,Punch,2604960.0,108.0,2.0,0.0,2.0,Snapdragon,8.0,2.2,1,0,1
738,Vivo,49990,77.0,5000.0,120.0,12,256,13.0,Android,6.67,120.0,Punch,2592000.0,50.0,13.0,2.0,13.0,Dimensity,8.0,,1,0,1
469,Realme,6490,,5000.0,,2,32,11.0,Android,6.5,,,1152000.0,8.0,0.0,0.0,9.84963503649635,Unisoc,8.0,1.6,0,0,0
463,Samsung,11999,75.0,6000.0,15.0,4,128,12.0,Android,6.6,,,2600640.0,50.0,5.0,2.0,5.0,Exynos,8.0,2.0,0,0,1
977,Motorola,34990,83.0,5000.0,,8,128,12.0,Android,6.67,120.0,Punch,2656800.0,64.0,8.0,2.0,8.0,Snapdragon,8.0,3.0,1,0,0
831,Oppo,12490,72.0,4230.0,,6,128,,Android,6.5,,,1152000.0,12.0,2.0,2.0,2.0,Helio,8.0,2.3,0,0,0
879,OnePlus,19999,73.0,4500.0,65.0,4,64,10.0,Android,6.3,,,2592000.0,48.0,0.0,0.0,9.84963503649635,Snapdragon,8.0,2.0,0,0,0
273,Infinix,9999,73.0,5000.0,33.0,4,64,12.0,Android,6.7,,,2592000.0,50.0,2.0,0.0,2.0,Helio,8.0,2.0,0,0,0
205,Poco,11499,75.0,5000.0,18.0,4,64,12.0,Android,6.58,90.0,Water,2592000.0,50.0,2.0,0.0,2.0,Dimensity,8.0,2.2,1,1,0
163,Oppo,58990,88.0,4700.0,80.0,12,256,13.0,Android,6.73,120.0,Punch,2604960.0,64.0,0.0,0.0,9.84963503649635,Snapdragon,8.0,3.2,1,0,1
565,Samsung,24990,83.0,4500.0,25.0,6,128,11.0,Android,6.5,90.0,Punch,2592000.0,64.0,0.0,0.0,9.84963503649635,Snapdragon,8.0,2.3,0,0,0
741,Apple,169900,78.0,4323.0,,6,512,16.0,iOS,6.7,120.0,,3606840.0,48.0,12.0,12.0,12.0,Bionic,6.0,,1,0,1
408,Xiaomi,23499,81.0,5160.0,67.0,6,128,11.0,Android,6.67,120.0,Punch,2592000.0,108.0,8.0,2.0,8.0,Dimensity,8.0,2.5,1,1,0
713,Vivo,82990,,4500.0,120.0,12,256,11.0,Android,6.78,120.0,Punch,4608000.0,50.0,0.0,0.0,9.84963503649635,Snapdragon,8.0,3.2,1,0,1
484,Vivo,12990,71.0,5000.0,,4,128,,Android,6.35,,,1111680.0,13.0,8.0,2.0,8.0,Helio,8.0,2.3,0,0,0
837,Xiaomi,11989,75.0,5020.0,,4,64,,Android,6.53,,,2527200.0,48.0,0.0,0.0,9.84963503649635,Helio,8.0,2.0,0,1,0
785,Samsung,12999,72.0,5000.0,,4,128,12.0,Android,6.5,,,1152000.0,50.0,2.0,0.0,2.0,Helio,8.0,2.3,0,0,0
105,Xiaomi,58990,,4820.0,120.0,8,128,13.0,Android,6.73,120.0,Punch,4608000.0,0.0,50.0,50.0,50.0,Snapdragon,8.0,3.2,1,1,1
575,Oppo,16990,78.0,5000.0,67.0,6,128,12.0,Android,6.59,120.0,Punch,2604960.0,64.0,8.0,2.0,8.0,Snapdragon,8.0,2.2,1,0,0
395,Xiaomi,11999,80.0,5020.0,18.0,6,128,,Android,6.67,,,2592000.0,48.0,0.0,0.0,9.84963503649635,Snapdragon,8.0,2.3,0,1,0
1,OnePlus,19989,81.0,5000.0,33.0,6,128,12.0,Android,6.59,120.0,Punch,2604960.0,64.0,2.0,2.0,2.0,Snapdragon,8.0,2.2,1,0,0
917,Vivo,22990,83.0,5000.0,44.0,8,128,12.0,Android,6.44,120.0,Water,2592000.0,50.0,2.0,2.0,2.0,Snapdragon,8.0,2.4,0,0,0
962,Honor,13999,75.0,5000.0,,6,128,12.0,Android,6.75,90.0,Water,1152000.0,50.0,0.0,0.0,9.84963503649635,Helio,8.0,2.3,0,0,0
571,OPPO,32999,84.0,5000.0,120.0,8,256,13.0,Android,6.73,120.0,Punch,2604960.0,50.0,8.0,2.0,8.0,Snapdragon,8.0,2.5,1,0,1
80,Motorola,15999,83.0,5000.0,33.0,6,128,12.0,Android,6.55,120.0,Punch,2592000.0,108.0,8.0,2.0,8.0,Helio,8.0,2.2,0,0,1
209,Xiaomi,27994,82.0,5000.0,67.0,8,256,12.0,Android,6.67,120.0,Punch,2592000.0,50.0,8.0,2.0,8.0,Dimensity,8.0,2.6,1,1,0
34,Samsung,23790,85.0,5000.0,25.0,6,128,12.0,Android,6.7,120.0,Punch,2592000.0,108.0,0.0,0.0,9.84963503649635,Dimensity,8.0,2.4,1,0,0
789,Realme,28499,82.0,5000.0,80.0,8,256,12.0,Android,6.62,120.0,Punch,2592000.0,64.0,8.0,2.0,8.0,Snapdragon,8.0,3.2,1,0,0
517,iQOO,14489,77.0,5000.0,44.0,4,128,12.0,Android,6.44,120.0,Water,2592000.0,50.0,2.0,2.0,2.0,Snapdragon,8.0,2.4,0,0,0
435,OPPO,8999,65.0,4230.0,,3,32,11.0,Android,6.52,,,1152000.0,13.0,0.0,0.0,9.84963503649635,Helio,8.0,2.0,0,0,0
462,Nubia,34999,82.0,5000.0,80.0,8,128,13.0,Android,6.67,144.0,Punch,2592000.0,64.0,50.0,0.0,50.0,Snapdragon,8.0,3.2,1,0,1
372,Poco,13499,80.0,6000.0,33.0,6,64,10.0,Android,6.67,120.0,Punch,2592000.0,64.0,0.0,0.0,9.84963503649635,Snapdragon,8.0,2.3,0,1,0
91,OnePlus,22990,83.0,5000.0,,8,128,12.0,Android,6.59,120.0,Punch,2604960.0,64.0,8.0,2.0,8.0,Dimensity,8.0,2.85,1,0,1
345,OnePlus,20990,81.0,4500.0,33.0,6,128,11.0,Android,6.43,,,2592000.0,64.0,2.0,2.0,2.0,Snapdragon,8.0,2.2,1,0,1
574,Motorola,59990,89.0,4800.0,125.0,8,128,12.0,Android,6.7,165.0,Punch,2656800.0,50.0,50.0,12.0,50.0,Snapdragon,8.0,3.2,1,0,1
351,Xiaomi,7499,66.0,5000.0,10.0,4,64,10.0,Android,6.53,,,1152000.0,13.0,0.0,0.0,9.84963503649635,Helio,8.0,2.0,0,0,0
790,Apple,104999,83.0,4325.0,,6,512,16.0,iOS,6.7,,,3566952.0,12.0,12.0,0.0,12.0,Bionic,6.0,3.22,1,0,1
245,Xiaomi,16999,81.0,5000.0,33.0,6,128,11.0,Android,6.6,90.0,Punch,2592000.0,50.0,8.0,0.0,8.0,Dimensity,8.0,2.4,1,1,0
13,Vivo,16990,80.0,5000.0,18.0,6,128,12.0,Android,6.58,120.0,Water,2600640.0,50.0,2.0,2.0,2.0,Snapdragon,8.0,2.2,1,0,0
321,Samsung,154998,,4400.0,25.0,12,256,12.0,Android,7.6,120.0,Punch,3942912.0,50.0,12.0,10.0,12.0,Snapdragon,8.0,3.2,1,0,1
611,OPPO,13499,73.0,5000.0,18.0,4,64,11.0,Android,6.51,,,1152000.0,50.0,2.0,2.0,2.0,Helio,8.0,2.3,0,0,0
393,Oukitel,29990,84.0,21000.0,33.0,8,256,12.0,Android,6.78,,,2592000.0,64.0,20.0,2.0,20.0,Helio,8.0,2.0,0,0,1
277,Apple,64900,79.0,2438.0,,4,128,15.0,iOS,5.4,,,2527200.0,12.0,12.0,0.0,12.0,Bionic,6.0,3.22,1,0,1
168,iQOO,30990,83.0,4500.0,66.0,8,128,12.0,Android,6.62,120.0,Punch,2592000.0,48.0,13.0,2.0,13.0,Snapdragon,8.0,2.84,1,0,1
857,OnePlus,29999,83.0,4500.0,80.0,8,128,12.0,Android,6.43,120.0,Punch,2604960.0,50.0,12.0,5.0,12.0,Snapdragon,8.0,2.36,1,0,1
973,Oppo,69990,89.0,4700.0,120.0,8,256,12.0,Android,6.73,120.0,Punch,2592000.0,50.0,48.0,32.0,48.0,Snapdragon,8.0,3.2,1,0,1
657,Tecno,14746,79.0,5000.0,18.0,6,128,12.0,Android,6.8,,,2656800.0,64.0,2.0,0.0,2.0,Helio,8.0,2.0,0,0,1
834,Huawei,21990,81.0,4200.0,40.0,8,128,10.0,Android,6.4,,,2527200.0,48.0,0.0,0.0,9.84963503649635,Kirin,8.0,2.2,0,0,0
493,POCO,24990,84.0,5080.0,67.0,8,128,12.0,Android,6.6,144.0,Punch,2656800.0,64.0,8.0,2.0,8.0,Dimensity,8.0,2.85,1,1,1
960,Poco,7999,70.0,5000.0,,4,64,12.0,Android,6.71,,,1188000.0,50.0,0.0,0.0,9.84963503649635,Helio,8.0,2.0,0,0,0
513,Xiaomi,26990,86.0,4300.0,210.0,8,256,12.0,Android,6.67,120.0,Punch,2592000.0,200.0,8.0,2.0,8.0,Dimensity,8.0,2.6,1,1,1
848,Vivo,32990,84.0,5000.0,80.0,8,256,13.0,Android,6.67,120.0,Punch,2592000.0,64.0,8.0,2.0,8.0,Snapdragon,8.0,2.4,1,0,0
247,Apple,75999,82.0,3279.0,,6,256,16.0,iOS,6.1,,,2962440.0,12.0,12.0,0.0,12.0,Bionic,6.0,3.22,1,0,1
576,iQOO,27999,82.0,4700.0,66.0,12,256,12.0,Android,6.44,90.0,Water,2596320.0,64.0,8.0,2.0,8.0,Snapdragon,8.0,2.4,1,0,0
892,OPPO,15990,62.0,3200.0,,3,32,,Android,6.0,,,2332800.0,13.0,0.0,0.0,9.84963503649635,Helio,8.0,2.5,0,0,0
572,Nokia,28498,81.0,4500.0,20.0,6,128,12.0,Android,6.58,120.0,Water,2592000.0,50.0,5.0,2.0,5.0,Snapdragon,8.0,2.2,1,0,1
697,Samsung,58999,89.0,4300.0,45.0,12,256,,Android,6.8,,,4377600.0,12.0,0.0,0.0,9.84963503649635,Exynos,8.0,2.73,0,0,1
192,Samsung,34999,85.0,6000.0,25.0,6,128,12.0,Android,6.67,90.0,Punch,2604960.0,64.0,12.0,5.0,12.0,Snapdragon,8.0,2.84,1,0,0
796,Tecno,14999,77.0,5000.0,18.0,6,128,12.0,Android,6.8,90.0,Punch,2592000.0,48.0,2.0,0.0,2.0,Helio,8.0,2.0,0,0,1
710,Infinix,15999,79.0,5000.0,33.0,8,128,11.0,Android,6.95,120.0,Punch,2656800.0,50.0,2.0,2.0,2.0,Helio,8.0,2.05,0,0,0
483,Sony,69990,86.0,4000.0,21.0,8,128,10.0,Android,6.1,120.0,,2721600.0,12.0,12.0,12.0,12.0,Snapdragon,8.0,2.84,1,0,1
692,Gionee,7499,67.0,4000.0,,6,128,10.0,Android,6.2,,,1094400.0,16.0,0.0,0.0,9.84963503649635,Helio,8.0,1.99,0,0,0
519,Realme,24494,82.0,4500.0,60.0,8,256,12.0,Android,6.4,90.0,Punch,2592000.0,50.0,8.0,2.0,8.0,Dimensity,8.0,2.5,1,0,0
58,Samsung,84990,89.0,4700.0,45.0,8,256,13.0,Android,6.6,120.0,Punch,2527200.0,50.0,12.0,10.0,12.0,Snapdragon,8.0,3.2,1,0,1
482,Nokia,6899,,1500.0,,512,4,,,2.8,,,76800.0,2.0,0.0,0.0,9.84963503649635,Snapdragon,4.0,1.1,0,0,0
570,Oppo,19999,83.0,5000.0,66.0,8,256,13.0,Android,6.67,120.0,Punch,2592000.0,50.0,13.0,2.0,13.0,Helio,8.0,2.2,0,0,1
873,OnePlus,44999,86.0,4500.0,65.0,8,128,11.0,Android,6.55,120.0,Punch,2592000.0,108.0,0.0,0.0,9.84963503649635,Snapdragon,8.0,2.84,1,0,1
760,Vivo,26990,82.0,4050.0,44.0,8,128,11.0,Android,6.44,,,2592000.0,64.0,8.0,2.0,8.0,Helio,8.0,2.05,0,0,0
256,Samsung,51999,79.0,4200.0,33.0,8,128,12.0,Android,6.4,120.0,Punch,2592000.0,12.0,12.0,8.0,12.0,Exynos,8.0,,1,0,1
21,Vivo,35999,85.0,4830.0,66.0,8,128,12.0,Android,6.56,120.0,Punch,2566080.0,64.0,8.0,2.0,8.0,Dimensity,8.0,3.0,1,0,0
319,Honor,16999,80.0,4800.0,66.0,8,128,11.0,Android,6.81,,,2579040.0,48.0,2.0,2.0,2.0,Snapdragon,8.0,2.2,1,0,1
467,OPPO,17999,84.0,4500.0,33.0,8,128,11.0,Android,6.43,,,2592000.0,64.0,2.0,2.0,2.0,Snapdragon,8.0,2.2,1,0,1
162,Apple,129900,84.0,4352.0,,6,128,15.0,iOS,6.7,120.0,Notch,3566952.0,12.0,12.0,12.0,12.0,Bionic,6.0,3.22,1,0,1
280,Asus,89999,88.0,6000.0,65.0,18,512,12.0,Android,6.78,165.0,,2643840.0,50.0,13.0,5.0,13.0,Snapdragon,8.0,3.2,1,0,1
194,Motorola,39999,88.0,4400.0,68.0,8,128,12.0,Android,6.55,144.0,Punch,2592000.0,50.0,13.0,2.0,13.0,Snapdragon,8.0,2.9,1,0,1
391,OPPO,70990,88.0,4300.0,44.0,8,256,,,6.8,120.0,Punch,2721600.0,0.0,0.0,0.0,9.84963503649635,Dimensity,8.0,3.2,1,0,1
821,Realme,10990,76.0,5000.0,18.0,4,128,11.0,Android,6.5,,,2592000.0,48.0,2.0,2.0,2.0,Dimensity,8.0,2.2,1,0,0
420,Motorola,19990,81.0,5000.0,33.0,6,128,12.0,Android,6.5,120.0,Punch,2592000.0,108.0,8.0,2.0,8.0,Snapdragon,8.0,2.2,1,0,1
500,Samsung,89999,88.0,3700.0,25.0,8,128,,,6.7,120.0,Punch,2851200.0,0.0,0.0,0.0,9.84963503649635,Snapdragon,8.0,3.2,1,0,1
349,Motorola,21999,79.0,5000.0,10.0,4,128,13.0,Android,6.5,120.0,Punch,1152000.0,50.0,8.0,0.0,8.0,Snapdragon,8.0,2.2,1,0,1
783,Realme,29999,80.0,5000.0,120.0,8,128,13.0,Android,6.73,144.0,Punch,2592000.0,50.0,8.0,2.0,8.0,Snapdragon,8.0,3.0,1,0,0
313,Samsung,118999,,5000.0,45.0,12,512,12.0,Android,6.8,120.0,Punch,4435200.0,108.0,0.0,0.0,9.84963503649635,Snapdragon,8.0,3.0,1,0,1
672,itel,5785,,5000.0,18.0,2,32,,Android,6.6,,,1160640.0,8.0,0.0,0.0,9.84963503649635,Unisoc,8.0,1.6,0,0,0
131,Xiaomi,9999,76.0,5020.0,18.0,4,64,,Android,6.67,,,2592000.0,48.0,0.0,0.0,9.84963503649635,Snapdragon,8.0,2.3,0,1,0
674,Poco,19990,84.0,5100.0,120.0,8,128,13.0,Android,6.73,120.0,Punch,2592000.0,108.0,13.0,2.0,13.0,Dimensity,8.0,2.5,1,1,0
888,Samsung,85990,,4500.0,25.0,8,128,10.0,Android,6.7,,,4608000.0,64.0,0.0,0.0,9.84963503649635,Exynos,8.0,2.73,1,0,1
99,Vivo,15990,78.0,5000.0,18.0,4,128,12.0,Android,6.58,120.0,Water,2600640.0,50.0,2.0,2.0,2.0,Snapdragon,8.0,2.2,1,0,0
378,Realme,28994,84.0,5000.0,65.0,8,128,12.0,Android,6.62,120.0,Punch,2592000.0,50.0,8.0,2.0,8.0,Snapdragon,8.0,2.84,1,0,1
87,OPPO,16999,79.0,5000.0,33.0,8,128,12.0,Android,6.56,90.0,Water,1160640.0,48.0,2.0,0.0,2.0,Dimensity,8.0,2.4,1,0,0
466,Vivo,24990,85.0,4700.0,80.0,8,128,12.0,Android,6.62,120.0,Punch,2592000.0,64.0,8.0,2.0,8.0,Snapdragon,8.0,3.2,1,0,0
336,Infinix,11700,74.0,5000.0,33.0,4,64,11.0,Android,6.7,,,2592000.0,50.0,2.0,0.0,2.0,Helio,8.0,2.0,0,0,0
218,Vivo,31994,85.0,4300.0,44.0,8,128,12.0,Android,6.56,90.0,Notch,2566080.0,108.0,8.0,2.0,8.0,Dimensity,8.0,3.0,1,0,0
474,Vivo,7499,,1900.0,,1,16,,Android,4.5,,,409920.0,5.0,0.0,0.0,9.84963503649635,Helio,4.0,1.3,0,0,0
122,Google,29999,71.0,4410.0,,6,128,12.0,Android,6.14,,,2592000.0,0.0,12.0,0.0,12.0,Google,8.0,,1,0,1
625,iQOO,47990,85.0,4700.0,120.0,8,128,12.0,Android,6.78,120.0,Punch,2592000.0,50.0,13.0,12.0,13.0,Snapdragon,8.0,3.2,1,1,1
20,OnePlus,39999,85.0,5000.0,100.0,8,128,13.0,Android,6.7,120.0,Punch,2604960.0,50.0,12.0,2.0,12.0,Snapdragon,8.0,3.2,1,0,1
711,Tecno,8999,64.0,5000.0,,4,64,11.0,Android,6.52,,,1152000.0,16.0,2.0,0.0,2.0,Helio,8.0,1.8,0,0,0
71,Vivo,27994,86.0,4200.0,44.0,12,256,12.0,Android,6.44,90.0,Notch,2592000.0,64.0,8.0,2.0,8.0,Dimensity,8.0,2.5,1,0,0
106,Vivo,43999,87.0,5000.0,120.0,12,256,13.0,Android,6.73,144.0,Punch,2592000.0,108.0,8.0,2.0,8.0,Dimensity,8.0,3.2,1,0,0
274,Xiaomi,15990,77.0,5000.0,18.0,6,128,12.0,Android,6.58,90.0,Water,2600640.0,50.0,2.0,0.0,2.0,Dimensity,8.0,2.2,1,1,0
877,Samsung,101999,,5000.0,25.0,12,128,10.0,Android,6.8,120.0,Punch,4608000.0,108.0,0.0,0.0,9.84963503649635,Exynos,8.0,2.9,1,0,1
443,Asus,72999,88.0,6000.0,65.0,16,256,12.0,Android,6.78,165.0,,2643840.0,50.0,13.0,5.0,13.0,Dimensity,8.0,3.2,1,0,1
102,Motorola,23990,83.0,4400.0,68.0,8,128,12.0,Android,6.55,144.0,Punch,2656800.0,50.0,13.0,2.0,13.0,Snapdragon,8.0,2.9,1,0,0
